1.00000000e+02,   8.03549545e+00,   1.12655561e-07,   4.41724421e+03,  -1.97966316e+05,   1.98015591e+05,   -88.721765
1.58489319e+02,   8.03549545e+00,   1.12678080e-07,   1.75941495e+03,  -1.24945715e+05,   1.24958102e+05,   -89.193247
2.51188643e+02,   8.03549539e+00,   1.12734750e-07,   7.00871566e+02,  -7.88448188e+04,   7.88479338e+04,   -89.490697
3.98107171e+02,   8.03549536e+00,   1.12877042e-07,   2.79387441e+02,  -4.97500797e+04,   4.97508642e+04,   -89.678241
6.30957344e+02,   8.03549519e+00,   1.13234807e-07,   1.11580790e+02,  -3.13907722e+04,   3.13909705e+04,   -89.796339
1.00000000e+03,   8.03549492e+00,   1.14132934e-07,   4.47737802e+01,  -1.98063880e+04,   1.98064386e+04,   -89.870479
1.58489319e+03,   8.03549406e+00,   1.16389568e-07,   1.81772522e+01,  -1.24970247e+04,   1.24970379e+04,   -89.916662
2.51188643e+03,   8.03549200e+00,   1.22058123e-07,   7.58894846e+00,  -7.88510092e+03,   7.88510458e+03,   -89.944856
3.98107171e+03,   8.03549245e+00,   1.36306694e-07,   3.37390036e+00,  -4.97516438e+03,   4.97516552e+03,   -89.961145
6.30957344e+03,   8.03546915e+00,   1.72040871e-07,   1.69531066e+00,  -3.13912614e+03,   3.13912659e+03,   -89.969057
1.00000000e+04,   8.03544784e+00,   2.61846098e-07,   1.02722618e+00,  -1.98065999e+03,   1.98066025e+03,   -89.970285
1.58489319e+04,   8.03535071e+00,   4.86999491e-07,   7.60604579e-01,  -1.24972695e+03,   1.24972718e+03,   -89.965129
2.51188643e+04,   8.03513715e+00,   1.05087761e-06,   6.53439700e-01,  -7.88545104e+02,   7.88545374e+02,   -89.952521
3.98107171e+04,   8.03459511e+00,   2.45587137e-06,   6.08019124e-01,  -4.97571489e+02,   4.97571860e+02,   -89.929986
6.30957344e+04,   8.03327646e+00,   5.91609571e-06,   5.83295371e-01,  -3.13997304e+02,   3.13997846e+02,   -89.893565
1.00000000e+05,   8.03011064e+00,   1.41925890e-05,   5.57513508e-01,  -1.98196128e+02,   1.98196912e+02,   -89.838831
1.58489319e+05,   8.02308395e+00,   3.27059611e-05,   5.12362374e-01,  -1.25161718e+02,   1.25162767e+02,   -89.765455
2.51188643e+05,   8.00965413e+00,   6.86683566e-05,   4.29691316e-01,  -7.91031092e+01,   7.91042763e+01,   -89.688770
3.98107171e+05,   7.99004110e+00,   1.23485796e-04,   3.09131075e-01,  -5.00327690e+01,   5.00337240e+01,   -89.645998
6.30957344e+05,   7.97032346e+00,   1.86828996e-04,   1.87118819e-01,  -3.16467417e+01,   3.16472949e+01,   -89.661229
1.00000000e+06,   7.95667211e+00,   2.55942281e-04,   1.02401895e-01,  -2.00021780e+01,   2.00024401e+01,   -89.706675
SCAPS 3.3.11 ELIS-UGent: Version scaps3311.exe, dated 07-10-2023, 11:15:54
Simulation of C-f curves
Single shot simulation #,2
Calculation started : ,21-11-2023 at 13:48:54
problem definition file :,c:\Program Files (x86)\Scaps3311\def\CdTeSe_25%.def
last saved: ,18-11-2023 at 22:14:31
Calculation under illumination
Optical generation from internal SCAPS calculation
Illumination spectrum read from file
spectrum file :
C:\Program Files (x86)\Scaps3311\spectrum\AM1_5G 1 sun.spe  last saved: ,22-05-2009 at 14:59:48
Neutral density filter: ND,  0.0000
Transmission of ND filter:,  1.0000e+00
Power from spectrum:,  100.0000,mW/cm2
Incident power on solar cell structure,  100.0000,mW/cm2
Working point conditions
Temperature,  300.00,K
Workpoint bias voltage,    0.0000,Volt
Frequency,  1.0000e+06,Hz
Voltage reference convention: voltage referred to right contact, voltage V applied to left contact
Current reference convention: current positive when entering the left contact
Power generated by the cell: = -V*I; power consumed by the cell = +V*I
1.00000000e+02,   7.98058059e+00,   1.10085071e-07,   4.37613233e+03,  -1.99331701e+05,   1.99379732e+05,   -88.742329
1.58489319e+02,   7.98058072e+00,   1.10107264e-07,   1.74302609e+03,  -1.25806268e+05,   1.25818342e+05,   -89.206227
2.51188643e+02,   7.98058065e+00,   1.10163113e-07,   6.94343315e+02,  -7.93875538e+04,   7.93905902e+04,   -89.498890
3.98107171e+02,   7.98058058e+00,   1.10303630e-07,   2.76788368e+02,  -5.00924629e+04,   5.00932276e+04,   -89.683413
6.30957344e+02,   7.98058052e+00,   1.10656379e-07,   1.10545848e+02,  -3.16067859e+04,   3.16069793e+04,   -89.799607
1.00000000e+03,   7.98057318e+00,   1.11533797e-07,   4.43584572e+01,  -1.99426974e+04,   1.99427467e+04,   -89.872557
1.58489319e+03,   7.98057754e+00,   1.13765997e-07,   1.80128821e+01,  -1.25830210e+04,   1.25830339e+04,   -89.917980
2.51188643e+03,   7.98057545e+00,   1.19356671e-07,   7.52346930e+00,  -7.93936071e+03,   7.93936427e+03,   -89.945706
3.98107171e+03,   7.98057334e+00,   1.33403582e-07,   3.34764483e+00,  -5.00940154e+03,   5.00940266e+03,   -89.961711
6.30957344e+03,   7.98055657e+00,   1.68662914e-07,   1.68497468e+00,  -3.16072585e+03,   3.16072630e+03,   -89.969456
1.00000000e+04,   7.98052075e+00,   2.57193048e-07,   1.02290879e+00,  -1.99429218e+03,   1.99429244e+03,   -89.970612
1.58489319e+04,   7.98043759e+00,   4.79307097e-07,   7.58927961e-01,  -1.25832628e+03,   1.25832651e+03,   -89.965443
2.51188643e+04,   7.98022803e+00,   1.03548421e-06,   6.52758966e-01,  -7.93970811e+02,   7.93971080e+02,   -89.952895
3.98107171e+04,   7.97969142e+00,   2.42122235e-06,   6.07718007e-01,  -5.00995004e+02,   5.00995373e+02,   -89.930499
6.30957344e+04,   7.97839333e+00,   5.83428956e-06,   5.83170946e-01,  -3.16157298e+02,   3.16157835e+02,   -89.894315
1.00000000e+05,   7.97527483e+00,   1.39987392e-05,   5.57486663e-01,  -1.99558892e+02,   1.99559671e+02,   -89.839939
1.58489319e+05,   7.96834133e+00,   3.22610924e-05,   5.12361272e-01,  -1.26021610e+02,   1.26022652e+02,   -89.767056
2.51188643e+05,   7.95508015e+00,   6.77285266e-05,   4.29645368e-01,  -7.96458101e+01,   7.96469690e+01,   -89.690924
3.98107171e+05,   7.93571711e+00,   1.21776580e-04,   3.09040456e-01,  -5.03752958e+01,   5.03762437e+01,   -89.648508
6.30957344e+05,   7.91625213e+00,   1.84184944e-04,   1.86999393e-01,  -3.18629187e+01,   3.18634674e+01,   -89.663742
1.00000000e+06,   7.90276641e+00,   2.51998468e-04,   1.02204187e-01,  -2.01386243e+01,   2.01388837e+01,   -89.709225
SCAPS 3.3.11 ELIS-UGent: Version scaps3311.exe, dated 07-10-2023, 11:15:54
Simulation of C-f curves
Single shot simulation #,3
Calculation started : ,21-11-2023 at 13:50:18
problem definition file :,c:\Program Files (x86)\Scaps3311\def\CdTeSe_25%.def
last saved: ,18-11-2023 at 22:14:31
Calculation under illumination
Optical generation from internal SCAPS calculation
Illumination spectrum read from file
spectrum file :
C:\Program Files (x86)\Scaps3311\spectrum\AM1_5G 1 sun.spe  last saved: ,22-05-2009 at 14:59:48
Neutral density filter: ND,  0.0000
Transmission of ND filter:,  1.0000e+00
Power from spectrum:,  100.0000,mW/cm2
Incident power on solar cell structure,  100.0000,mW/cm2
Working point conditions
Temperature,  300.00,K
Workpoint bias voltage,    0.0000,Volt
Frequency,  1.0000e+06,Hz
Voltage reference convention: voltage referred to right contact, voltage V applied to left contact
Current reference convention: current positive when entering the left contact
Power generated by the cell: = -V*I; power consumed by the cell = +V*I
1.00000000e+02,   7.89230365e+00,   1.05621631e-07,   4.29327372e+03,  -2.01566969e+05,   2.01612686e+05,   -88.779814
1.58489319e+02,   7.89230365e+00,   1.05643452e-07,   1.71000276e+03,  -1.27214871e+05,   1.27226364e+05,   -89.229885
2.51188643e+02,   7.89230655e+00,   1.05700749e-07,   6.81207099e+02,  -8.02758503e+04,   8.02787405e+04,   -89.513810
3.98107171e+02,   7.89230647e+00,   1.05838072e-07,   2.71557511e+02,  -5.06528292e+04,   5.06535572e+04,   -89.692832
6.30957344e+02,   7.89230339e+00,   1.06180084e-07,   1.08460295e+02,  -3.19603376e+04,   3.19605217e+04,   -89.805562
1.00000000e+03,   7.89231646e+00,   1.07058995e-07,   4.35363904e+01,  -2.01657146e+04,   2.01657616e+04,   -89.876303
1.58489319e+03,   7.89230519e+00,   1.09224567e-07,   1.76828398e+01,  -1.27237586e+04,   1.27237709e+04,   -89.920373
2.51188643e+03,   7.89230542e+00,   1.14691750e-07,   7.39204000e+00,  -8.02815743e+03,   8.02816083e+03,   -89.947244
3.98107171e+03,   7.89231187e+00,   1.28431526e-07,   3.29536288e+00,  -5.06542290e+03,   5.06542397e+03,   -89.962726
6.30957344e+03,   7.89229216e+00,   1.62896608e-07,   1.66397148e+00,  -3.19607425e+03,   3.19607468e+03,   -89.970170
1.00000000e+04,   7.89224880e+00,   2.49418129e-07,   1.01430049e+00,  -2.01659764e+03,   2.01659789e+03,   -89.971182
1.58489319e+04,   7.89216411e+00,   4.66507728e-07,   7.55277831e-01,  -1.27240062e+03,   1.27240084e+03,   -89.965990
2.51188643e+04,   7.89196103e+00,   1.01014724e-06,   6.51110644e-01,  -8.02850928e+02,   8.02851192e+02,   -89.953533
3.98107171e+04,   7.89144586e+00,   2.36489323e-06,   6.06929177e-01,  -5.06597366e+02,   5.06597729e+02,   -89.931357
6.30957344e+04,   7.89017031e+00,   5.70093869e-06,   5.82656286e-01,  -3.19692400e+02,   3.19692931e+02,   -89.895576
1.00000000e+05,   7.88711865e+00,   1.36811976e-05,   5.57088664e-01,  -2.01789446e+02,   2.01790215e+02,   -89.841822
1.58489319e+05,   7.88034203e+00,   3.15335060e-05,   5.12053543e-01,  -1.27428934e+02,   1.27429963e+02,   -89.769767
2.51188643e+05,   7.86736762e+00,   6.61974699e-05,   4.29348968e-01,  -8.05338283e+01,   8.05349727e+01,   -89.694543
3.98107171e+05,   7.84841946e+00,   1.18991347e-04,   3.08727474e-01,  -5.09356639e+01,   5.09365995e+01,   -89.652727
6.30957344e+05,   7.82936760e+00,   1.79828908e-04,   1.86651646e-01,  -3.22165381e+01,   3.22170788e+01,   -89.668051
1.00000000e+06,   7.81616050e+00,   2.45492434e-04,   1.01784251e-01,  -2.03617833e+01,   2.03620377e+01,   -89.713593
SCAPS 3.3.11 ELIS-UGent: Version scaps3311.exe, dated 07-10-2023, 11:15:54
Simulation of C-f curves
Single shot simulation #,4
Calculation started : ,21-11-2023 at 13:52:20
problem definition file :,c:\Program Files (x86)\Scaps3311\def\CdTeSe_25%.def
last saved: ,18-11-2023 at 22:14:31
Calculation under illumination
Optical generation from internal SCAPS calculation
Illumination spectrum read from file
spectrum file :
C:\Program Files (x86)\Scaps3311\spectrum\AM1_5G 1 sun.spe  last saved: ,22-05-2009 at 14:59:48
Neutral density filter: ND,  0.0000
Transmission of ND filter:,  1.0000e+00
Power from spectrum:,  100.0000,mW/cm2
Incident power on solar cell structure,  100.0000,mW/cm2
Working point conditions
Temperature,  300.00,K
Workpoint bias voltage,    0.0000,Volt
Frequency,  1.0000e+06,Hz
Voltage reference convention: voltage referred to right contact, voltage V applied to left contact
Current reference convention: current positive when entering the left contact
Power generated by the cell: = -V*I; power consumed by the cell = +V*I
1.00000000e+02,   7.77091153e+00,   9.93890611e-08,   4.16730231e+03,  -2.04723761e+05,   2.04766171e+05,   -88.833863
1.58489319e+02,   7.77091145e+00,   9.94101371e-08,   1.65979844e+03,  -1.29204163e+05,   1.29214824e+05,   -89.264000
2.51188643e+02,   7.77091147e+00,   9.94629809e-08,   6.61194527e+02,  -8.15304067e+04,   8.15330877e+04,   -89.535353
3.98107171e+02,   7.77091143e+00,   9.95958602e-08,   2.63588361e+02,  -5.14442418e+04,   5.14449171e+04,   -89.706432
6.30957344e+02,   7.77091142e+00,   9.99298201e-08,   1.05289941e+02,  -3.24596329e+04,   3.24598037e+04,   -89.814149
1.00000000e+03,   7.77092590e+00,   1.00779320e-07,   4.22731198e+01,  -2.04807338e+04,   2.04807775e+04,   -89.881739
1.58489319e+03,   7.77091796e+00,   1.02880800e-07,   1.71802381e+01,  -1.29225149e+04,   1.29225263e+04,   -89.923826
2.51188643e+03,   7.77092263e+00,   1.08178007e-07,   7.19173592e+00,  -8.15355882e+03,   8.15356199e+03,   -89.949463
3.98107171e+03,   7.77091444e+00,   1.21467051e-07,   3.21480273e+00,  -5.14455524e+03,   5.14455624e+03,   -89.964196
6.30957344e+03,   7.77089669e+00,   1.54840595e-07,   1.63148361e+00,  -3.24600277e+03,   3.24600318e+03,   -89.971202
1.00000000e+04,   7.77087129e+00,   2.38656923e-07,   1.00109379e+00,  -2.04809601e+03,   2.04809626e+03,   -89.971994
1.58489319e+04,   7.77079359e+00,   4.48917313e-07,   7.49679655e-01,  -1.29227402e+03,   1.29227423e+03,   -89.966761
2.51188643e+04,   7.77059238e+00,   9.75375363e-07,   6.48490345e-01,  -8.15390654e+02,   8.15390912e+02,   -89.954432
3.98107171e+04,   7.77008800e+00,   2.28722271e-06,   6.05475036e-01,  -5.14509731e+02,   5.14510087e+02,   -89.932574
6.30957344e+04,   7.76884878e+00,   5.51753491e-06,   5.81661907e-01,  -3.24684884e+02,   3.24685405e+02,   -89.897357
1.00000000e+05,   7.76589776e+00,   1.32460678e-05,   5.56340530e-01,  -2.04939307e+02,   2.04940062e+02,   -89.844462
1.58489319e+05,   7.75933172e+00,   3.05339935e-05,   5.11409102e-01,  -1.29416315e+02,   1.29417326e+02,   -89.773588
2.51188643e+05,   7.74675130e+00,   6.40916858e-05,   4.28736835e-01,  -8.17878109e+01,   8.17889346e+01,   -89.699655
3.98107171e+05,   7.72836132e+00,   1.15116134e-04,   3.08025183e-01,  -5.17270027e+01,   5.17279198e+01,   -89.658818
6.30957344e+05,   7.70988135e+00,   1.73721620e-04,   1.85945091e-01,  -3.27158651e+01,   3.27163935e+01,   -89.674355
1.00000000e+06,   7.69706651e+00,   2.36351624e-04,   1.01050392e-01,  -2.06768568e+01,   2.06771037e+01,   -89.719991
SCAPS 3.3.11 ELIS-UGent: Version scaps3311.exe, dated 07-10-2023, 11:15:54
Simulation of C-f curves
Single shot simulation #,5
Calculation started : ,21-11-2023 at 13:55:49
problem definition file :,c:\Program Files (x86)\Scaps3311\def\CdTeSe_25%.def
last saved: ,18-11-2023 at 22:14:31
Calculation under illumination
Optical generation from internal SCAPS calculation
Illumination spectrum read from file
spectrum file :
C:\Program Files (x86)\Scaps3311\spectrum\AM1_5G 1 sun.spe  last saved: ,22-05-2009 at 14:59:48
Neutral density filter: ND,  0.0000
Transmission of ND filter:,  1.0000e+00
Power from spectrum:,  100.0000,mW/cm2
Incident power on solar cell structure,  100.0000,mW/cm2
Working point conditions
Temperature,  300.00,K
Workpoint bias voltage,    0.0000,Volt
Frequency,  1.0000e+06,Hz
Voltage reference convention: voltage referred to right contact, voltage V applied to left contact
Current reference convention: current positive when entering the left contact
Power generated by the cell: = -V*I; power consumed by the cell = +V*I
1.00000000e+02,   7.61946766e+00,   9.17464628e-08,   4.00148197e+03,  -2.08802663e+05,   2.08841002e+05,   -88.902121
1.58489319e+02,   7.61946611e+00,   9.17657997e-08,   1.59370712e+03,  -1.31774710e+05,   1.31784347e+05,   -89.307088
2.51188643e+02,   7.61946604e+00,   9.18166659e-08,   6.34873777e+02,  -8.31515362e+04,   8.31539599e+04,   -89.562547
3.98107171e+02,   7.61947101e+00,   9.19470890e-08,   2.53115358e+02,  -5.24668756e+04,   5.24674862e+04,   -89.723591
6.30957344e+02,   7.61946583e+00,   9.22647766e-08,   1.01116748e+02,  -3.31048447e+04,   3.31049991e+04,   -89.824994
1.00000000e+03,   7.61946553e+00,   9.30698701e-08,   4.06067950e+01,  -2.08878616e+04,   2.08879011e+04,   -89.888615
1.58489319e+03,   7.61946838e+00,   9.50942796e-08,   1.65175120e+01,  -1.31793739e+04,   1.31793842e+04,   -89.928192
2.51188643e+03,   7.61947947e+00,   1.00182765e-07,   6.92759303e+00,  -8.31561793e+03,   8.31562081e+03,   -89.952268
3.98107171e+03,   7.61945618e+00,   1.12928536e-07,   3.10882200e+00,  -5.24681805e+03,   5.24681897e+03,   -89.966051
6.30957344e+03,   7.61945058e+00,   1.44976896e-07,   1.58888200e+00,  -3.31052121e+03,   3.31052159e+03,   -89.972501
1.00000000e+04,   7.61941803e+00,   2.25420186e-07,   9.83533979e-01,  -2.08880661e+03,   2.08880685e+03,   -89.973022
1.58489319e+04,   7.61933906e+00,   4.27226278e-07,   7.42101797e-01,  -1.31796141e+03,   1.31796162e+03,   -89.967739
2.51188643e+04,   7.61913862e+00,   9.32461649e-07,   6.44850782e-01,  -8.31599071e+02,   8.31599321e+02,   -89.955571
3.98107171e+04,   7.61865596e+00,   2.19155207e-06,   6.03440922e-01,  -5.24736404e+02,   5.24736751e+02,   -89.934111
6.30957344e+04,   7.61747913e+00,   5.29279972e-06,   5.80365842e-01,  -3.31136859e+02,   3.31137367e+02,   -89.899581
1.00000000e+05,   7.61463711e+00,   1.27102911e-05,   5.55257293e-01,  -2.09010380e+02,   2.09011118e+02,   -89.847788
1.58489319e+05,   7.60832489e+00,   2.93008478e-05,   5.10429605e-01,  -1.31985003e+02,   1.31985990e+02,   -89.778419
2.51188643e+05,   7.59623644e+00,   6.14980681e-05,   4.27851798e-01,  -8.34084845e+01,   8.34095819e+01,   -89.706098
3.98107171e+05,   7.57855014e+00,   1.10379271e-04,   3.07143130e-01,  -5.27496132e+01,   5.27505074e+01,   -89.666390
6.30957344e+05,   7.56076906e+00,   1.66235112e-04,   1.85019592e-01,  -3.33611337e+01,   3.33616468e+01,   -89.682243
1.00000000e+06,   7.54843747e+00,   2.25151169e-04,   1.00089970e-01,  -2.10840134e+01,   2.10842509e+01,   -89.728008
