-0.800000,   5.44734282e+00,   9.89884768e-05,   1.62537962e+00,  2.14003820e+15,  -2.57575950e+01,   0.00000000e+00,   0.00000000e+00,  1.06087156e-01,   8.02195617e-04,      10.00000000,      10.00000000
-0.780000,   5.45778572e+00,   9.94017869e-05,   1.62226963e+00,  2.14003820e+15,  -2.57575947e+01,   0.00000000e+00,   0.00000000e+00,  1.06087417e-01,   8.02196897e-04,      10.00000000,      10.00000000
-0.760000,   5.46876911e+00,   9.98407009e-05,   1.61901148e+00,  2.04601370e+15,  -2.57575945e+01,   0.00000000e+00,   0.00000000e+00,  1.06087682e-01,   8.02198175e-04,      10.00000000,      10.00000000
-0.740000,   5.48033245e+00,   1.00301958e-04,   1.61559542e+00,  1.95461641e+15,  -2.57575942e+01,   0.00000000e+00,   0.00000000e+00,  1.06087952e-01,   8.02199450e-04,      10.00000000,      10.00000000
-0.720000,   5.49252041e+00,   1.00791775e-04,   1.61201040e+00,  1.86579412e+15,  -2.57575939e+01,   0.00000000e+00,   0.00000000e+00,  1.06088226e-01,   8.02200724e-04,      10.00000000,      10.00000000
-0.700000,   5.50538111e+00,   1.01311523e-04,   1.60824470e+00,  1.77957620e+15,  -2.57575936e+01,   0.00000000e+00,   0.00000000e+00,  1.06088506e-01,   8.02201996e-04,      10.00000000,      10.00000000
-0.680000,   5.51896790e+00,   1.01865949e-04,   1.60428547e+00,  1.69598328e+15,  -2.57575934e+01,   0.00000000e+00,   0.00000000e+00,  1.06088790e-01,   8.02203265e-04,      10.00000000,      10.00000000
-0.660000,   5.53333852e+00,   1.02454696e-04,   1.60011898e+00,  1.61501329e+15,  -2.57575931e+01,   0.00000000e+00,   0.00000000e+00,  1.06089080e-01,   8.02204534e-04,      10.00000000,      10.00000000
-0.640000,   5.54855737e+00,   1.03082410e-04,   1.59573010e+00,  1.53663309e+15,  -2.57575928e+01,   0.00000000e+00,   0.00000000e+00,  1.06089376e-01,   8.02205801e-04,      10.00000000,      10.00000000
-0.620000,   5.56469513e+00,   1.03752458e-04,   1.59110244e+00,  1.46083165e+15,  -2.57575925e+01,   0.00000000e+00,   0.00000000e+00,  1.06089679e-01,   8.02207066e-04,      10.00000000,      10.00000000
-0.600000,   5.58183029e+00,   1.04471228e-04,   1.58621806e+00,  1.38761065e+15,  -2.57575921e+01,   0.00000000e+00,   0.00000000e+00,  1.06089989e-01,   8.02208331e-04,      10.00000000,      10.00000000
-0.580000,   5.60004908e+00,   1.05241864e-04,   1.58105757e+00,  1.31697968e+15,  -2.57575918e+01,   0.00000000e+00,   0.00000000e+00,  1.06090306e-01,   8.02209595e-04,      10.00000000,      10.00000000
-0.560000,   5.61944708e+00,   1.06068281e-04,   1.57559985e+00,  1.24889982e+15,  -2.57575915e+01,   0.00000000e+00,   0.00000000e+00,  1.06090631e-01,   8.02210858e-04,      10.00000000,      10.00000000
-0.540000,   5.64013106e+00,   1.06959276e-04,   1.56982168e+00,  1.18337185e+15,  -2.57575912e+01,   0.00000000e+00,   0.00000000e+00,  1.06090965e-01,   8.02212121e-04,      10.00000000,      10.00000000
-0.520000,   5.66221853e+00,   1.07917047e-04,   1.56369804e+00,  1.12036854e+15,  -2.57575908e+01,   0.00000000e+00,   0.00000000e+00,  1.06091309e-01,   8.02213384e-04,      10.00000000,      10.00000000
-0.500000,   5.68584193e+00,   1.08954398e-04,   1.55720122e+00,  1.05986318e+15,  -2.57575905e+01,   0.00000000e+00,   0.00000000e+00,  1.06091663e-01,   8.02214647e-04,      10.00000000,      10.00000000
-0.480000,   5.71114785e+00,   1.10077939e-04,   1.55030131e+00,  1.00185380e+15,  -2.57575901e+01,   0.00000000e+00,   0.00000000e+00,  1.06092027e-01,   8.02215910e-04,      10.00000000,      10.00000000
-0.460000,   5.73830046e+00,   1.11297462e-04,   1.54296556e+00,  9.46310637e+14,  -2.57575897e+01,   0.00000000e+00,   0.00000000e+00,  1.06092404e-01,   8.02217175e-04,      10.00000000,      10.00000000
-0.440000,   5.76748354e+00,   1.12623643e-04,   1.53515826e+00,  8.93202861e+14,  -2.57575893e+01,   0.00000000e+00,   0.00000000e+00,  1.06092794e-01,   8.02218441e-04,      10.00000000,      10.00000000
-0.420000,   5.79890367e+00,   1.14071082e-04,   1.52684033e+00,  8.42500523e+14,  -2.57575889e+01,   0.00000000e+00,   0.00000000e+00,  1.06093199e-01,   8.02219709e-04,      10.00000000,      10.00000000
-0.400000,   5.83279288e+00,   1.15655040e-04,   1.51796921e+00,  7.94180222e+14,  -2.57575885e+01,   0.00000000e+00,   0.00000000e+00,  1.06093620e-01,   8.02220978e-04,      10.00000000,      10.00000000
-0.380000,   5.86941221e+00,   1.17390711e-04,   1.50849858e+00,  7.48201511e+14,  -2.57575881e+01,   0.00000000e+00,   0.00000000e+00,  1.06094058e-01,   8.02222251e-04,      10.00000000,      10.00000000
-0.360000,   5.90905737e+00,   1.19301555e-04,   1.49837774e+00,  7.04529517e+14,  -2.57575876e+01,   0.00000000e+00,   0.00000000e+00,  1.06094515e-01,   8.02223527e-04,      10.00000000,      10.00000000
-0.340000,   5.95206190e+00,   1.21407334e-04,   1.48755173e+00,  6.63123931e+14,  -2.57575871e+01,   0.00000000e+00,   0.00000000e+00,  1.06094994e-01,   8.02224807e-04,      10.00000000,      10.00000000
-0.320000,   5.99880550e+00,   1.23739281e-04,   1.47596051e+00,  6.23941694e+14,  -2.57575866e+01,   0.00000000e+00,   0.00000000e+00,  1.06095497e-01,   8.02226091e-04,      10.00000000,      10.00000000
-0.300000,   6.04971893e+00,   1.26325712e-04,   1.46353907e+00,  5.86940522e+14,  -2.57575861e+01,   0.00000000e+00,   0.00000000e+00,  1.06096027e-01,   8.02227381e-04,      10.00000000,      10.00000000
-0.280000,   6.10529435e+00,   1.29204162e-04,   1.45021673e+00,  5.52065132e+14,  -2.57575855e+01,   0.00000000e+00,   0.00000000e+00,  1.06096586e-01,   8.02228677e-04,      10.00000000,      10.00000000
-0.260000,   6.16609565e+00,   1.32422611e-04,   1.43591674e+00,  5.19267144e+14,  -2.57575849e+01,   0.00000000e+00,   0.00000000e+00,  1.06097180e-01,   8.02229980e-04,      10.00000000,      10.00000000
-0.240000,   6.23276947e+00,   1.36030294e-04,   1.42055631e+00,  4.88491973e+14,  -2.57575843e+01,   0.00000000e+00,   0.00000000e+00,  1.06097811e-01,   8.02231291e-04,      10.00000000,      10.00000000
-0.220000,   6.30606277e+00,   1.40094704e-04,   1.40404565e+00,  4.59684074e+14,  -2.57575836e+01,   0.00000000e+00,   0.00000000e+00,  1.06098485e-01,   8.02232612e-04,      10.00000000,      10.00000000
-0.200000,   6.38683898e+00,   1.44684661e-04,   1.38628828e+00,  4.32783927e+14,  -2.57575829e+01,   0.00000000e+00,   0.00000000e+00,  1.06099209e-01,   8.02233944e-04,      10.00000000,      10.00000000
-0.180000,   6.47610494e+00,   1.49895769e-04,   1.36717982e+00,  4.07728475e+14,  -2.57575821e+01,   0.00000000e+00,   0.00000000e+00,  1.06099989e-01,   8.02235287e-04,      10.00000000,      10.00000000
-0.160000,   6.57503805e+00,   1.55836278e-04,   1.34660818e+00,  3.84455072e+14,  -2.57575813e+01,   0.00000000e+00,   0.00000000e+00,  1.06100835e-01,   8.02236645e-04,      10.00000000,      10.00000000
-0.140000,   6.68502645e+00,   1.62646735e-04,   1.32445250e+00,  3.62901347e+14,  -2.57575804e+01,   0.00000000e+00,   0.00000000e+00,  1.06101757e-01,   8.02238019e-04,      10.00000000,      10.00000000
-0.120000,   6.80771491e+00,   1.70486607e-04,   1.30058325e+00,  3.43002560e+14,  -2.57575793e+01,   0.00000000e+00,   0.00000000e+00,  1.06102769e-01,   8.02239411e-04,      10.00000000,      10.00000000
-0.100000,   6.94507323e+00,   1.79572974e-04,   1.27486057e+00,  3.24696152e+14,  -2.57575782e+01,   0.00000000e+00,   0.00000000e+00,  1.06103886e-01,   8.02240824e-04,      10.00000000,      10.00000000
-0.080000,   7.09947552e+00,   1.90159129e-04,   1.24713438e+00,  3.07923593e+14,  -2.57575770e+01,   0.00000000e+00,   0.00000000e+00,  1.06105128e-01,   8.02242260e-04,      10.00000000,      10.00000000
-0.060000,   7.27381713e+00,   2.02583180e-04,   1.21724259e+00,  2.92630233e+14,  -2.57575756e+01,   0.00000000e+00,   0.00000000e+00,  1.06106522e-01,   8.02243724e-04,      10.00000000,      10.00000000
-0.040000,   7.47166356e+00,   2.17279811e-04,   1.18501053e+00,  2.78776511e+14,  -2.57575740e+01,   0.00000000e+00,   0.00000000e+00,  1.06108099e-01,   8.02245223e-04,      10.00000000,      10.00000000
-0.020000,   7.69745221e+00,   2.34809664e-04,   1.15025073e+00,  2.66389617e+14,  -2.57575722e+01,   0.00000000e+00,   0.00000000e+00,  1.06109904e-01,   8.02247069e-04,      10.00000000,      10.00000000
0.000000,   7.95667177e+00,   2.55939581e-04,   1.11277683e+00,  2.55373930e+14,  -2.57575701e+01,   0.00000000e+00,   0.00000000e+00,  1.06111990e-01,   8.02275606e-04,      10.00000000,      10.00000000
0.020000,   8.25661470e+00,   2.81627599e-04,   1.07235233e+00,  2.45795433e+14,  -2.57575676e+01,   0.00000000e+00,   0.00000000e+00,  1.06114434e-01,   8.02277371e-04,      10.00000000,      10.00000000
0.040000,   8.60631153e+00,   3.13268297e-04,   1.02877986e+00,  2.37866693e+14,  -2.57575647e+01,   0.00000000e+00,   0.00000000e+00,  1.06117338e-01,   8.02279046e-04,      10.00000000,      10.00000000
0.060000,   9.01753136e+00,   3.52746022e-04,   9.81865174e-01,  2.31774974e+14,  -2.57575612e+01,   0.00000000e+00,   0.00000000e+00,  1.06120841e-01,   8.02280787e-04,      10.00000000,      10.00000000
0.080000,   9.50548281e+00,   4.02683409e-04,   9.31462418e-01,  2.27903235e+14,  -2.57575569e+01,   0.00000000e+00,   0.00000000e+00,  1.06125137e-01,   8.02282607e-04,      10.00000000,      10.00000000
0.100000,   1.00897247e+01,   4.66781825e-04,   8.77526422e-01,  2.26848499e+14,  -2.57575516e+01,   0.00000000e+00,   0.00000000e+00,  1.06130498e-01,   8.02284522e-04,      10.00000000,      10.00000000
0.120000,   1.07950439e+01,   5.50210707e-04,   8.20191197e-01,  2.29505366e+14,  -2.57575448e+01,   0.00000000e+00,   0.00000000e+00,  1.06137303e-01,   8.02286553e-04,      10.00000000,      10.00000000
0.140000,   1.16520140e+01,   6.60208264e-04,   7.59868635e-01,  2.37182735e+14,  -2.57575360e+01,   0.00000000e+00,   0.00000000e+00,  1.06146085e-01,   8.02288723e-04,      10.00000000,      10.00000000
0.160000,   1.26966339e+01,   8.06636225e-04,   6.97350187e-01,  2.51771844e+14,  -2.57575245e+01,   0.00000000e+00,   0.00000000e+00,  1.06157582e-01,   8.02291064e-04,      10.00000000,      10.00000000
0.180000,   1.39682528e+01,   1.00261655e-03,   6.33865964e-01,  2.75993401e+14,  -2.57575093e+01,   0.00000000e+00,   0.00000000e+00,  1.06172794e-01,   8.02293614e-04,      10.00000000,      10.00000000
0.200000,   1.55048421e+01,   1.26459606e-03,   5.71047416e-01,  3.13754972e+14,  -2.57574890e+01,   0.00000000e+00,   0.00000000e+00,  1.06193044e-01,   8.02296416e-04,      10.00000000,      10.00000000
0.220000,   1.73353150e+01,   1.61157206e-03,   5.10749299e-01,  3.70623750e+14,  -2.57574620e+01,   0.00000000e+00,   0.00000000e+00,  1.06220002e-01,   8.02299520e-04,      10.00000000,      10.00000000
0.240000,   1.94700654e+01,   2.06293948e-03,   4.54749371e-01,  4.54377163e+14,  -2.57574264e+01,   0.00000000e+00,   0.00000000e+00,  1.06255669e-01,   8.02302979e-04,      10.00000000,      10.00000000
0.260000,   2.18930230e+01,   2.63491202e-03,   4.04421079e-01,  5.75484006e+14,  -2.57573798e+01,   0.00000000e+00,   0.00000000e+00,  1.06302280e-01,   8.02306841e-04,      10.00000000,      10.00000000
0.280000,   2.45597445e+01,   3.33644950e-03,   3.60508637e-01,  7.47217427e+14,  -2.57573199e+01,   0.00000000e+00,   0.00000000e+00,  1.06362124e-01,   8.02311146e-04,      10.00000000,      10.00000000
0.300000,   2.74045555e+01,   4.16691188e-03,   3.23084971e-01,  9.84947382e+14,  -2.57572447e+01,   0.00000000e+00,   0.00000000e+00,  1.06437314e-01,   8.02315921e-04,      10.00000000,      10.00000000
0.320000,   3.03553971e+01,   5.11695465e-03,   2.91677950e-01,  1.30407571e+15,  -2.57571525e+01,   0.00000000e+00,   0.00000000e+00,  1.06529546e-01,   8.02321175e-04,      10.00000000,      10.00000000
0.340000,   3.33510929e+01,   6.17329806e-03,   2.65478556e-01,  1.71620296e+15,  -2.57570421e+01,   0.00000000e+00,   0.00000000e+00,  1.06639917e-01,   8.02326901e-04,      10.00000000,      10.00000000
0.360000,   3.63550620e+01,   7.32525798e-03,   2.43542426e-01,  2.22369014e+15,  -2.57569132e+01,   0.00000000e+00,   0.00000000e+00,  1.06768814e-01,   8.02333079e-04,      10.00000000,      10.00000000
0.380000,   3.93626324e+01,   8.57219423e-03,   2.24934143e-01,  2.81422891e+15,  -2.57567661e+01,   0.00000000e+00,   0.00000000e+00,  1.06915881e-01,   8.02339683e-04,      10.00000000,      10.00000000
0.400000,   4.24021052e+01,   9.92831826e-03,   2.08810387e-01,  3.45912595e+15,  -2.57566020e+01,   0.00000000e+00,   0.00000000e+00,  1.07080041e-01,   8.02346684e-04,      10.00000000,      10.00000000
0.420000,   4.55320429e+01,   1.14270081e-02,   1.94456463e-01,  4.11967911e+15,  -2.57564225e+01,   0.00000000e+00,   0.00000000e+00,  1.07259541e-01,   8.02354061e-04,      10.00000000,      10.00000000
0.440000,   4.88365390e+01,   1.31237390e-02,   1.81298679e-01,  4.76257833e+15,  -2.57562300e+01,   0.00000000e+00,   0.00000000e+00,  1.07452025e-01,   8.02361799e-04,      10.00000000,      10.00000000
0.460000,   5.24194148e+01,   1.50977976e-02,   1.68906884e-01,  5.37699153e+15,  -2.57560273e+01,   0.00000000e+00,   0.00000000e+00,  1.07654637e-01,   8.02369897e-04,      10.00000000,      10.00000000
0.480000,   5.63980379e+01,   1.74553059e-02,   1.56991277e-01,  5.98259427e+15,  -2.57558178e+01,   0.00000000e+00,   0.00000000e+00,  1.07864180e-01,   8.02378367e-04,      10.00000000,      10.00000000
0.500000,   6.08972341e+01,   2.03326847e-02,   1.45392482e-01,  6.62503452e+15,  -2.57556046e+01,   0.00000000e+00,   0.00000000e+00,  1.08077351e-01,   8.02387233e-04,      10.00000000,      10.00000000
0.520000,   6.60445207e+01,   2.39005507e-02,   1.34061083e-01,  7.36474128e+15,  -2.57553909e+01,   0.00000000e+00,   0.00000000e+00,  1.08291051e-01,   8.02396534e-04,      10.00000000,      10.00000000
0.540000,   7.19685075e+01,   2.83724257e-02,   1.23026033e-01,  8.26811450e+15,  -2.57551792e+01,   0.00000000e+00,   0.00000000e+00,  1.08502744e-01,   8.02406316e-04,      10.00000000,      10.00000000
0.560000,   7.88003321e+01,   3.40172855e-02,   1.12359933e-01,  9.40625922e+15,  -2.57549711e+01,   0.00000000e+00,   0.00000000e+00,  1.08710823e-01,   8.02416638e-04,      10.00000000,      10.00000000
0.580000,   8.66755528e+01,   4.11749950e-02,   1.02151065e-01,  1.08614793e+16,  -2.57547670e+01,   0.00000000e+00,   0.00000000e+00,  1.08914934e-01,   8.02427564e-04,      10.00000000,      10.00000000
0.600000,   9.57316699e+01,   5.02719303e-02,   9.24876794e-02,  1.27401972e+16,  -2.57545657e+01,   0.00000000e+00,   0.00000000e+00,  1.09116252e-01,   8.02439168e-04,      10.00000000,      10.00000000
0.620000,   1.06096055e+02,   6.18284674e-02,   8.34526790e-02,  1.51906479e+16,  -2.57543641e+01,   0.00000000e+00,   0.00000000e+00,  1.09317750e-01,   8.02451528e-04,      10.00000000,      10.00000000
0.640000,   1.17861599e+02,   7.64406469e-02,   7.51220080e-02,  1.84219931e+16,  -2.57541573e+01,   0.00000000e+00,   0.00000000e+00,  1.09524544e-01,   8.02464727e-04,      10.00000000,      10.00000000
0.660000,   1.31055453e+02,   9.47370738e-02,   6.75591880e-02,  2.27219351e+16,  -2.57539374e+01,   0.00000000e+00,   0.00000000e+00,  1.09744438e-01,   8.02478846e-04,      10.00000000,      10.00000000
0.680000,   1.45609818e+02,   1.17293706e-01,   6.08063392e-02,  2.84699977e+16,  -2.57536930e+01,   0.00000000e+00,   0.00000000e+00,  1.09988843e-01,   8.02493961e-04,      10.00000000,      10.00000000
0.700000,   1.61349878e+02,   1.44537850e-01,   5.48745378e-02,  3.61427311e+16,  -2.57534076e+01,   0.00000000e+00,   0.00000000e+00,  1.10274286e-01,   8.02510137e-04,      10.00000000,      10.00000000
0.720000,   1.78005395e+02,   1.76649158e-01,   4.97400656e-02,  4.63082124e+16,  -2.57530569e+01,   0.00000000e+00,   0.00000000e+00,  1.10624908e-01,   8.02527433e-04,      10.00000000,      10.00000000
0.740000,   1.95246542e+02,   2.13521814e-01,   4.53477943e-02,  5.96117039e+16,  -2.57526052e+01,   0.00000000e+00,   0.00000000e+00,  1.11076596e-01,   8.02545912e-04,      10.00000000,      10.00000000
0.760000,   2.12725822e+02,   2.54732878e-01,   4.16216514e-02,  7.67451115e+16,  -2.57519979e+01,   0.00000000e+00,   0.00000000e+00,  1.11683867e-01,   8.02556352e-04,      10.00000000,      10.00000000
0.780000,   2.30125601e+02,   2.99659016e-01,   3.84746415e-02,  9.84127561e+16,  -2.57511498e+01,   0.00000000e+00,   0.00000000e+00,  1.12532010e-01,   8.02577438e-04,      10.00000000,      10.00000000
0.800000,   2.47179286e+02,   3.47457132e-01,   3.58201536e-02,  9.84127561e+16,  -2.57499242e+01,   0.00000000e+00,   0.00000000e+00,  1.13757550e-01,   8.02600205e-04,      10.00000000,      10.00000000
SCAPS 3.3.11 ELIS-UGent: Version scaps3311.exe, dated 07-10-2023, 11:15:54
Simulation of C-V curves
Single shot simulation #,2
Calculation started : ,21-11-2023 at 13:48:54
problem definition file :,c:\Program Files (x86)\Scaps3311\def\CdTeSe_25%.def
last saved: ,18-11-2023 at 22:14:31
Calculation under illumination
Optical generation from internal SCAPS calculation
Illumination spectrum read from file
spectrum file :
C:\Program Files (x86)\Scaps3311\spectrum\AM1_5G 1 sun.spe  last saved: ,22-05-2009 at 14:59:48
Neutral density filter: ND,  0.0000
Transmission of ND filter:,  1.0000e+00
Power from spectrum:,  100.0000,mW/cm2
Incident power on solar cell structure,  100.0000,mW/cm2
Working point conditions
Temperature,  300.00,K
Workpoint bias voltage,    0.0000,Volt
Frequency,  1.0000e+06,Hz
Voltage reference convention: voltage referred to right contact, voltage V applied to left contact
Current reference convention: current positive when entering the left contact
Power generated by the cell: = -V*I; power consumed by the cell = +V*I
the Mott-Schottky analysis (determination of N(W)) is done with a constant value of epsilon,10.0
-0.800000,   5.43905743e+00,   9.88184213e-05,   1.62785558e+00,  2.14962425e+15,  -2.57591232e+01,   0.00000000e+00,   0.00000000e+00,  1.06083266e-01,   8.02273525e-04,      10.00000000,      10.00000000
-0.780000,   5.44940674e+00,   9.92283430e-05,   1.62476402e+00,  2.14962425e+15,  -2.57591229e+01,   0.00000000e+00,   0.00000000e+00,  1.06083526e-01,   8.02274504e-04,      10.00000000,      10.00000000
-0.760000,   5.46029005e+00,   9.96599414e-05,   1.62152558e+00,  2.05530745e+15,  -2.57591227e+01,   0.00000000e+00,   0.00000000e+00,  1.06083791e-01,   8.02275482e-04,      10.00000000,      10.00000000
-0.740000,   5.47174725e+00,   1.00116458e-04,   1.61813030e+00,  1.96356361e+15,  -2.57591224e+01,   0.00000000e+00,   0.00000000e+00,  1.06084060e-01,   8.02276459e-04,      10.00000000,      10.00000000
-0.720000,   5.48382214e+00,   1.00602470e-04,   1.61456732e+00,  1.87445084e+15,  -2.57591221e+01,   0.00000000e+00,   0.00000000e+00,  1.06084333e-01,   8.02277434e-04,      10.00000000,      10.00000000
-0.700000,   5.49656192e+00,   1.01117709e-04,   1.61082512e+00,  1.78799356e+15,  -2.57591218e+01,   0.00000000e+00,   0.00000000e+00,  1.06084612e-01,   8.02278408e-04,      10.00000000,      10.00000000
-0.680000,   5.51001877e+00,   1.01664558e-04,   1.60689108e+00,  1.70415411e+15,  -2.57591216e+01,   0.00000000e+00,   0.00000000e+00,  1.06084895e-01,   8.02279381e-04,      10.00000000,      10.00000000
-0.660000,   5.52425010e+00,   1.02245915e-04,   1.60275148e+00,  1.62291184e+15,  -2.57591213e+01,   0.00000000e+00,   0.00000000e+00,  1.06085185e-01,   8.02280353e-04,      10.00000000,      10.00000000
-0.640000,   5.53931932e+00,   1.02866608e-04,   1.59839133e+00,  1.54426124e+15,  -2.57591210e+01,   0.00000000e+00,   0.00000000e+00,  1.06085480e-01,   8.02281324e-04,      10.00000000,      10.00000000
-0.620000,   5.55529615e+00,   1.03530681e-04,   1.59379442e+00,  1.46821996e+15,  -2.57591207e+01,   0.00000000e+00,   0.00000000e+00,  1.06085782e-01,   8.02282295e-04,      10.00000000,      10.00000000
-0.600000,   5.57225725e+00,   1.04240670e-04,   1.58894315e+00,  1.39478211e+15,  -2.57591204e+01,   0.00000000e+00,   0.00000000e+00,  1.06086091e-01,   8.02283264e-04,      10.00000000,      10.00000000
-0.580000,   5.59028756e+00,   1.05000452e-04,   1.58381835e+00,  1.32391545e+15,  -2.57591200e+01,   0.00000000e+00,   0.00000000e+00,  1.06086407e-01,   8.02284234e-04,      10.00000000,      10.00000000
-0.560000,   5.60948151e+00,   1.05816633e-04,   1.57839900e+00,  1.25560200e+15,  -2.57591197e+01,   0.00000000e+00,   0.00000000e+00,  1.06086731e-01,   8.02285204e-04,      10.00000000,      10.00000000
-0.540000,   5.62994371e+00,   1.06695657e-04,   1.57266226e+00,  1.18983751e+15,  -2.57591194e+01,   0.00000000e+00,   0.00000000e+00,  1.06087063e-01,   8.02286173e-04,      10.00000000,      10.00000000
-0.520000,   5.65179028e+00,   1.07643803e-04,   1.56658325e+00,  1.12661284e+15,  -2.57591190e+01,   0.00000000e+00,   0.00000000e+00,  1.06087406e-01,   8.02287143e-04,      10.00000000,      10.00000000
-0.500000,   5.67515032e+00,   1.08667092e-04,   1.56013489e+00,  1.06589399e+15,  -2.57591187e+01,   0.00000000e+00,   0.00000000e+00,  1.06087758e-01,   8.02288113e-04,      10.00000000,      10.00000000
-0.480000,   5.70016858e+00,   1.09777379e-04,   1.55328739e+00,  1.00766758e+15,  -2.57591183e+01,   0.00000000e+00,   0.00000000e+00,  1.06088121e-01,   8.02289084e-04,      10.00000000,      10.00000000
-0.460000,   5.72700568e+00,   1.10980796e-04,   1.54600859e+00,  9.51917263e+14,  -2.57591180e+01,   0.00000000e+00,   0.00000000e+00,  1.06088496e-01,   8.02290056e-04,      10.00000000,      10.00000000
-0.440000,   5.75584208e+00,   1.12288769e-04,   1.53826319e+00,  8.98601342e+14,  -2.57591176e+01,   0.00000000e+00,   0.00000000e+00,  1.06088884e-01,   8.02291029e-04,      10.00000000,      10.00000000
-0.420000,   5.78688036e+00,   1.13715728e-04,   1.53001262e+00,  8.47692903e+14,  -2.57591172e+01,   0.00000000e+00,   0.00000000e+00,  1.06089287e-01,   8.02292004e-04,      10.00000000,      10.00000000
-0.400000,   5.82034797e+00,   1.15276550e-04,   1.52121489e+00,  7.99166950e+14,  -2.57591167e+01,   0.00000000e+00,   0.00000000e+00,  1.06089705e-01,   8.02292981e-04,      10.00000000,      10.00000000
-0.380000,   5.85650080e+00,   1.16987059e-04,   1.51182426e+00,  7.52986186e+14,  -2.57591163e+01,   0.00000000e+00,   0.00000000e+00,  1.06090141e-01,   8.02293960e-04,      10.00000000,      10.00000000
-0.360000,   5.89562813e+00,   1.18868423e-04,   1.50179079e+00,  7.09114736e+14,  -2.57591158e+01,   0.00000000e+00,   0.00000000e+00,  1.06090596e-01,   8.02294942e-04,      10.00000000,      10.00000000
-0.340000,   5.93805660e+00,   1.20941354e-04,   1.49106022e+00,  6.67510196e+14,  -2.57591154e+01,   0.00000000e+00,   0.00000000e+00,  1.06091072e-01,   8.02295927e-04,      10.00000000,      10.00000000
-0.320000,   5.98415756e+00,   1.23236131e-04,   1.47957334e+00,  6.28134753e+14,  -2.57591149e+01,   0.00000000e+00,   0.00000000e+00,  1.06091571e-01,   8.02296916e-04,      10.00000000,      10.00000000
-0.300000,   6.03435155e+00,   1.25777111e-04,   1.46726619e+00,  5.90938651e+14,  -2.57591143e+01,   0.00000000e+00,   0.00000000e+00,  1.06092097e-01,   8.02297909e-04,      10.00000000,      10.00000000
-0.280000,   6.08912039e+00,   1.28607976e-04,   1.45406880e+00,  5.55871822e+14,  -2.57591138e+01,   0.00000000e+00,   0.00000000e+00,  1.06092652e-01,   8.02298908e-04,      10.00000000,      10.00000000
-0.260000,   6.14901318e+00,   1.31766991e-04,   1.43990584e+00,  5.22884502e+14,  -2.57591132e+01,   0.00000000e+00,   0.00000000e+00,  1.06093241e-01,   8.02299912e-04,      10.00000000,      10.00000000
-0.240000,   6.21466200e+00,   1.35311509e-04,   1.42469534e+00,  4.91923657e+14,  -2.57591126e+01,   0.00000000e+00,   0.00000000e+00,  1.06093867e-01,   8.02300923e-04,      10.00000000,      10.00000000
-0.220000,   6.28679296e+00,   1.39295634e-04,   1.40834923e+00,  4.62933470e+14,  -2.57591119e+01,   0.00000000e+00,   0.00000000e+00,  1.06094535e-01,   8.02301941e-04,      10.00000000,      10.00000000
-0.200000,   6.36624813e+00,   1.43796556e-04,   1.39077206e+00,  4.35852604e+14,  -2.57591112e+01,   0.00000000e+00,   0.00000000e+00,  1.06095251e-01,   8.02302968e-04,      10.00000000,      10.00000000
-0.180000,   6.45400542e+00,   1.48899383e-04,   1.37186126e+00,  4.10620462e+14,  -2.57591104e+01,   0.00000000e+00,   0.00000000e+00,  1.06096024e-01,   8.02304005e-04,      10.00000000,      10.00000000
-0.160000,   6.55120922e+00,   1.54714727e-04,   1.35150622e+00,  3.87174103e+14,  -2.57591096e+01,   0.00000000e+00,   0.00000000e+00,  1.06096860e-01,   8.02305052e-04,      10.00000000,      10.00000000
-0.140000,   6.65920479e+00,   1.61371204e-04,   1.32958818e+00,  3.65451105e+14,  -2.57591087e+01,   0.00000000e+00,   0.00000000e+00,  1.06097771e-01,   8.02306113e-04,      10.00000000,      10.00000000
-0.120000,   6.77958598e+00,   1.69029019e-04,   1.30597945e+00,  3.45385854e+14,  -2.57591077e+01,   0.00000000e+00,   0.00000000e+00,  1.06098769e-01,   8.02307187e-04,      10.00000000,      10.00000000
-0.100000,   6.91425667e+00,   1.77893506e-04,   1.28054257e+00,  3.26917061e+14,  -2.57591066e+01,   0.00000000e+00,   0.00000000e+00,  1.06099870e-01,   8.02308278e-04,      10.00000000,      10.00000000
-0.080000,   7.06550800e+00,   1.88208228e-04,   1.25312999e+00,  3.09984389e+14,  -2.57591053e+01,   0.00000000e+00,   0.00000000e+00,  1.06101093e-01,   8.02309387e-04,      10.00000000,      10.00000000
-0.060000,   7.23612885e+00,   2.00300692e-04,   1.22358241e+00,  2.94533742e+14,  -2.57591040e+01,   0.00000000e+00,   0.00000000e+00,  1.06102464e-01,   8.02310517e-04,      10.00000000,      10.00000000
-0.040000,   7.42954390e+00,   2.14576345e-04,   1.19172861e+00,  2.80523256e+14,  -2.57591024e+01,   0.00000000e+00,   0.00000000e+00,  1.06104013e-01,   8.02311675e-04,      10.00000000,      10.00000000
-0.020000,   7.65000789e+00,   2.31575044e-04,   1.15738443e+00,  2.67976065e+14,  -2.57591006e+01,   0.00000000e+00,   0.00000000e+00,  1.06105781e-01,   8.02313172e-04,      10.00000000,      10.00000000
0.000000,   7.90276827e+00,   2.52029893e-04,   1.12036690e+00,  2.56792311e+14,  -2.57590986e+01,   0.00000000e+00,   0.00000000e+00,  1.06107822e-01,   8.02341293e-04,      10.00000000,      10.00000000
0.020000,   8.19478419e+00,   2.76836872e-04,   1.08044334e+00,  2.47030007e+14,  -2.57590962e+01,   0.00000000e+00,   0.00000000e+00,  1.06110208e-01,   8.02342688e-04,      10.00000000,      10.00000000
0.040000,   8.53464799e+00,   3.07317929e-04,   1.03741830e+00,  2.38889535e+14,  -2.57590934e+01,   0.00000000e+00,   0.00000000e+00,  1.06113036e-01,   8.02343983e-04,      10.00000000,      10.00000000
0.060000,   8.93353470e+00,   3.45238545e-04,   9.91097063e-01,  2.32539264e+14,  -2.57590900e+01,   0.00000000e+00,   0.00000000e+00,  1.06116437e-01,   8.02345327e-04,      10.00000000,      10.00000000
0.080000,   9.40586307e+00,   3.93063621e-04,   9.41327759e-01,  2.28334945e+14,  -2.57590858e+01,   0.00000000e+00,   0.00000000e+00,  1.06120597e-01,   8.02346732e-04,      10.00000000,      10.00000000
0.100000,   9.97015434e+00,   4.54236601e-04,   8.88050446e-01,  2.26833607e+14,  -2.57590806e+01,   0.00000000e+00,   0.00000000e+00,  1.06125770e-01,   8.02348209e-04,      10.00000000,      10.00000000
0.120000,   1.06498878e+01,   5.33590324e-04,   8.31370265e-01,  2.28872705e+14,  -2.57590741e+01,   0.00000000e+00,   0.00000000e+00,  1.06132315e-01,   8.02349775e-04,      10.00000000,      10.00000000
0.140000,   1.14740652e+01,   6.37834288e-04,   7.71653275e-01,  2.35678433e+14,  -2.57590657e+01,   0.00000000e+00,   0.00000000e+00,  1.06140733e-01,   8.02351447e-04,      10.00000000,      10.00000000
0.160000,   1.24769792e+01,   7.76159423e-04,   7.09626896e-01,  2.49020782e+14,  -2.57590547e+01,   0.00000000e+00,   0.00000000e+00,  1.06151719e-01,   8.02353250e-04,      10.00000000,      10.00000000
0.180000,   1.36963942e+01,   9.60747610e-04,   6.46447517e-01,  2.71441456e+14,  -2.57590402e+01,   0.00000000e+00,   0.00000000e+00,  1.06166216e-01,   8.02355212e-04,      10.00000000,      10.00000000
0.200000,   1.51692855e+01,   1.20695258e-03,   5.83679437e-01,  3.06581369e+14,  -2.57590209e+01,   0.00000000e+00,   0.00000000e+00,  1.06185471e-01,   8.02357366e-04,      10.00000000,      10.00000000
0.220000,   1.69247131e+01,   1.53263242e-03,   5.23140331e-01,  3.59622200e+14,  -2.57589953e+01,   0.00000000e+00,   0.00000000e+00,  1.06211070e-01,   8.02359752e-04,      10.00000000,      10.00000000
0.240000,   1.89747662e+01,   1.95620738e-03,   4.66619716e-01,  4.37808744e+14,  -2.57589615e+01,   0.00000000e+00,   0.00000000e+00,  1.06244919e-01,   8.02362411e-04,      10.00000000,      10.00000000
0.260000,   2.13065151e+01,   2.49334463e-03,   4.15553645e-01,  5.50929140e+14,  -2.57589172e+01,   0.00000000e+00,   0.00000000e+00,  1.06289166e-01,   8.02365381e-04,      10.00000000,      10.00000000
0.280000,   2.38792758e+01,   3.15312807e-03,   3.70781763e-01,  7.11495228e+14,  -2.57588603e+01,   0.00000000e+00,   0.00000000e+00,  1.06346034e-01,   8.02368698e-04,      10.00000000,      10.00000000
0.300000,   2.66303560e+01,   3.93539789e-03,   3.32477719e-01,  9.34216837e+14,  -2.57587888e+01,   0.00000000e+00,   0.00000000e+00,  1.06417600e-01,   8.02372383e-04,      10.00000000,      10.00000000
0.320000,   2.94886075e+01,   4.83128060e-03,   3.00251546e-01,  1.23427616e+15,  -2.57587008e+01,   0.00000000e+00,   0.00000000e+00,  1.06505563e-01,   8.02376450e-04,      10.00000000,      10.00000000
0.340000,   3.23909651e+01,   5.82707430e-03,   2.73347829e-01,  1.62398925e+15,  -2.57585953e+01,   0.00000000e+00,   0.00000000e+00,  1.06611062e-01,   8.02380895e-04,      10.00000000,      10.00000000
0.360000,   3.52961989e+01,   6.91051766e-03,   2.50848541e-01,  2.10787495e+15,  -2.57584718e+01,   0.00000000e+00,   0.00000000e+00,  1.06734557e-01,   8.02385707e-04,      10.00000000,      10.00000000
0.380000,   3.81925203e+01,   8.07732107e-03,   2.31825497e-01,  2.67733543e+15,  -2.57583306e+01,   0.00000000e+00,   0.00000000e+00,  1.06875794e-01,   8.02390867e-04,      10.00000000,      10.00000000
0.400000,   4.10989968e+01,   9.33574014e-03,   2.15431049e-01,  3.30790082e+15,  -2.57581725e+01,   0.00000000e+00,   0.00000000e+00,  1.07033822e-01,   8.02396356e-04,      10.00000000,      10.00000000
0.420000,   4.40630268e+01,   1.07108034e-02,   2.00939441e-01,  3.96331553e+15,  -2.57579993e+01,   0.00000000e+00,   0.00000000e+00,  1.07207042e-01,   8.02402154e-04,      10.00000000,      10.00000000
0.440000,   4.71554599e+01,   1.22454840e-02,   1.87761927e-01,  4.60835472e+15,  -2.57578131e+01,   0.00000000e+00,   0.00000000e+00,  1.07393268e-01,   8.02408252e-04,      10.00000000,      10.00000000
0.460000,   5.04649425e+01,   1.40028659e-02,   1.75448531e-01,  5.22536404e+15,  -2.57576165e+01,   0.00000000e+00,   0.00000000e+00,  1.07589822e-01,   8.02414644e-04,      10.00000000,      10.00000000
0.480000,   5.40914967e+01,   1.60665458e-02,   1.63685617e-01,  5.82481994e+15,  -2.57574126e+01,   0.00000000e+00,   0.00000000e+00,  1.07793673e-01,   8.02421339e-04,      10.00000000,      10.00000000
0.500000,   5.81400842e+01,   1.85419858e-02,   1.52287361e-01,  6.44374921e+15,  -2.57572047e+01,   0.00000000e+00,   0.00000000e+00,  1.08001634e-01,   8.02428352e-04,      10.00000000,      10.00000000
0.520000,   6.27149863e+01,   2.15583260e-02,   1.41178377e-01,  7.13605878e+15,  -2.57569957e+01,   0.00000000e+00,   0.00000000e+00,  1.08210640e-01,   8.02435709e-04,      10.00000000,      10.00000000
0.540000,   6.79161079e+01,   2.52701736e-02,   1.30366717e-01,  7.96266299e+15,  -2.57567882e+01,   0.00000000e+00,   0.00000000e+00,  1.08418065e-01,   8.02443444e-04,      10.00000000,      10.00000000
0.560000,   7.38382777e+01,   2.98646760e-02,   1.19910706e-01,  8.98753889e+15,  -2.57565842e+01,   0.00000000e+00,   0.00000000e+00,  1.08622073e-01,   8.02451598e-04,      10.00000000,      10.00000000
0.580000,   8.05711159e+01,   3.55650672e-02,   1.09890497e-01,  1.02808203e+16,  -2.57563843e+01,   0.00000000e+00,   0.00000000e+00,  1.08821933e-01,   8.02460219e-04,      10.00000000,      10.00000000
0.600000,   8.81972409e+01,   4.26373718e-02,   1.00388628e-01,  1.19274687e+16,  -2.57561880e+01,   0.00000000e+00,   0.00000000e+00,  1.09018313e-01,   8.02469359e-04,      10.00000000,      10.00000000
0.620000,   9.67840773e+01,   5.13869442e-02,   9.14819901e-02,  1.40402763e+16,  -2.57559927e+01,   0.00000000e+00,   0.00000000e+00,  1.09213583e-01,   8.02479076e-04,      10.00000000,      10.00000000
0.640000,   1.06368332e+02,   6.21433865e-02,   8.32390604e-02,  1.67743284e+16,  -2.57557940e+01,   0.00000000e+00,   0.00000000e+00,  1.09412219e-01,   8.02489429e-04,      10.00000000,      10.00000000
0.660000,   1.16935090e+02,   7.52207923e-02,   7.57172205e-02,  2.03397922e+16,  -2.57555848e+01,   0.00000000e+00,   0.00000000e+00,  1.09621474e-01,   8.02500478e-04,      10.00000000,      10.00000000
0.680000,   1.28400628e+02,   9.08698755e-02,   6.89560490e-02,  2.50104877e+16,  -2.57553537e+01,   0.00000000e+00,   0.00000000e+00,  1.09852548e-01,   8.02512281e-04,      10.00000000,      10.00000000
0.700000,   1.40606125e+02,   1.09212753e-01,   6.29702298e-02,  3.11258987e+16,  -2.57550836e+01,   0.00000000e+00,   0.00000000e+00,  1.10122622e-01,   8.02524891e-04,      10.00000000,      10.00000000
0.720000,   1.53330694e+02,   1.30201769e-01,   5.77444723e-02,  3.90817238e+16,  -2.57547478e+01,   0.00000000e+00,   0.00000000e+00,  1.10458393e-01,   8.02538361e-04,      10.00000000,      10.00000000
0.740000,   1.66320787e+02,   1.53606131e-01,   5.32344764e-02,  4.93072299e+16,  -2.57543040e+01,   0.00000000e+00,   0.00000000e+00,  1.10902196e-01,   8.02552753e-04,      10.00000000,      10.00000000
0.760000,   1.79328345e+02,   1.79044048e-01,   4.93731207e-02,  6.22247128e+16,  -2.57536835e+01,   0.00000000e+00,   0.00000000e+00,  1.11522718e-01,   8.02568162e-04,      10.00000000,      10.00000000
0.780000,   1.92145110e+02,   2.06035547e-01,   4.60797572e-02,  7.81690562e+16,  -2.57527722e+01,   0.00000000e+00,   0.00000000e+00,  1.12433923e-01,   8.02575405e-04,      10.00000000,      10.00000000
0.800000,   2.04634023e+02,   2.34112888e-01,   4.32674872e-02,  7.81690562e+16,  -2.57513771e+01,   0.00000000e+00,   0.00000000e+00,  1.13829044e-01,   8.02593429e-04,      10.00000000,      10.00000000
SCAPS 3.3.11 ELIS-UGent: Version scaps3311.exe, dated 07-10-2023, 11:15:54
Simulation of C-V curves
Single shot simulation #,3
Calculation started : ,21-11-2023 at 13:50:18
problem definition file :,c:\Program Files (x86)\Scaps3311\def\CdTeSe_25%.def
last saved: ,18-11-2023 at 22:14:31
Calculation under illumination
Optical generation from internal SCAPS calculation
Illumination spectrum read from file
spectrum file :
C:\Program Files (x86)\Scaps3311\spectrum\AM1_5G 1 sun.spe  last saved: ,22-05-2009 at 14:59:48
Neutral density filter: ND,  0.0000
Transmission of ND filter:,  1.0000e+00
Power from spectrum:,  100.0000,mW/cm2
Incident power on solar cell structure,  100.0000,mW/cm2
Working point conditions
Temperature,  300.00,K
Workpoint bias voltage,    0.0000,Volt
Frequency,  1.0000e+06,Hz
Voltage reference convention: voltage referred to right contact, voltage V applied to left contact
Current reference convention: current positive when entering the left contact
Power generated by the cell: = -V*I; power consumed by the cell = +V*I
the Mott-Schottky analysis (determination of N(W)) is done with a constant value of epsilon,10.0
-0.800000,   5.42852999e+00,   9.85260266e-05,   1.63101245e+00,  2.17019967e+15,  -2.57606516e+01,   0.00000000e+00,   0.00000000e+00,  1.06079348e-01,   8.02332879e-04,      10.00000000,      10.00000000
-0.780000,   5.43872207e+00,   9.89283469e-05,   1.62795596e+00,  2.17019967e+15,  -2.57606513e+01,   0.00000000e+00,   0.00000000e+00,  1.06079607e-01,   8.02333647e-04,      10.00000000,      10.00000000
-0.760000,   5.44943779e+00,   9.93521481e-05,   1.62475476e+00,  2.07522988e+15,  -2.57606510e+01,   0.00000000e+00,   0.00000000e+00,  1.06079870e-01,   8.02334413e-04,      10.00000000,      10.00000000
-0.740000,   5.46071639e+00,   9.98027803e-05,   1.62139898e+00,  1.98292036e+15,  -2.57606508e+01,   0.00000000e+00,   0.00000000e+00,  1.06080138e-01,   8.02335179e-04,      10.00000000,      10.00000000
-0.720000,   5.47259945e+00,   1.00277333e-04,   1.61787832e+00,  1.89324427e+15,  -2.57606505e+01,   0.00000000e+00,   0.00000000e+00,  1.06080410e-01,   8.02335944e-04,      10.00000000,      10.00000000
-0.700000,   5.48513413e+00,   1.00783239e-04,   1.61418113e+00,  1.80618126e+15,  -2.57606502e+01,   0.00000000e+00,   0.00000000e+00,  1.06080687e-01,   8.02336708e-04,      10.00000000,      10.00000000
-0.680000,   5.49837079e+00,   1.01319665e-04,   1.61029518e+00,  1.72176135e+15,  -2.57606499e+01,   0.00000000e+00,   0.00000000e+00,  1.06080969e-01,   8.02337472e-04,      10.00000000,      10.00000000
-0.660000,   5.51236563e+00,   1.01891629e-04,   1.60620695e+00,  1.63996630e+15,  -2.57606496e+01,   0.00000000e+00,   0.00000000e+00,  1.06081257e-01,   8.02338235e-04,      10.00000000,      10.00000000
-0.640000,   5.52717978e+00,   1.02499853e-04,   1.60190194e+00,  1.56079109e+15,  -2.57606493e+01,   0.00000000e+00,   0.00000000e+00,  1.06081551e-01,   8.02338998e-04,      10.00000000,      10.00000000
-0.620000,   5.54288123e+00,   1.03149714e-04,   1.59736419e+00,  1.48421453e+15,  -2.57606490e+01,   0.00000000e+00,   0.00000000e+00,  1.06081851e-01,   8.02339760e-04,      10.00000000,      10.00000000
-0.600000,   5.55954463e+00,   1.03844285e-04,   1.59257648e+00,  1.41023215e+15,  -2.57606487e+01,   0.00000000e+00,   0.00000000e+00,  1.06082158e-01,   8.02340523e-04,      10.00000000,      10.00000000
-0.580000,   5.57725279e+00,   1.04589312e-04,   1.58751994e+00,  1.33882747e+15,  -2.57606484e+01,   0.00000000e+00,   0.00000000e+00,  1.06082472e-01,   8.02341285e-04,      10.00000000,      10.00000000
-0.560000,   5.59609718e+00,   1.05389873e-04,   1.58217410e+00,  1.27000703e+15,  -2.57606481e+01,   0.00000000e+00,   0.00000000e+00,  1.06082794e-01,   8.02342048e-04,      10.00000000,      10.00000000
-0.540000,   5.61617890e+00,   1.06249292e-04,   1.57651673e+00,  1.20374647e+15,  -2.57606478e+01,   0.00000000e+00,   0.00000000e+00,  1.06083124e-01,   8.02342810e-04,      10.00000000,      10.00000000
-0.520000,   5.63761079e+00,   1.07175125e-04,   1.57052346e+00,  1.14000855e+15,  -2.57606474e+01,   0.00000000e+00,   0.00000000e+00,  1.06083464e-01,   8.02343574e-04,      10.00000000,      10.00000000
-0.500000,   5.66051855e+00,   1.08176919e-04,   1.56416765e+00,  1.07879205e+15,  -2.57606471e+01,   0.00000000e+00,   0.00000000e+00,  1.06083813e-01,   8.02344338e-04,      10.00000000,      10.00000000
-0.480000,   5.68504149e+00,   1.09260151e-04,   1.55742047e+00,  1.02008167e+15,  -2.57606467e+01,   0.00000000e+00,   0.00000000e+00,  1.06084173e-01,   8.02345102e-04,      10.00000000,      10.00000000
-0.460000,   5.71133561e+00,   1.10434170e-04,   1.55025034e+00,  9.63838940e+14,  -2.57606463e+01,   0.00000000e+00,   0.00000000e+00,  1.06084545e-01,   8.02345868e-04,      10.00000000,      10.00000000
-0.440000,   5.73957565e+00,   1.11711110e-04,   1.54262275e+00,  9.10040282e+14,  -2.57606460e+01,   0.00000000e+00,   0.00000000e+00,  1.06084930e-01,   8.02346635e-04,      10.00000000,      10.00000000
-0.420000,   5.76995713e+00,   1.13102624e-04,   1.53450014e+00,  8.58659082e+14,  -2.57606456e+01,   0.00000000e+00,   0.00000000e+00,  1.06085329e-01,   8.02347404e-04,      10.00000000,      10.00000000
-0.400000,   5.80269980e+00,   1.14623497e-04,   1.52584147e+00,  8.09662898e+14,  -2.57606451e+01,   0.00000000e+00,   0.00000000e+00,  1.06085743e-01,   8.02348174e-04,      10.00000000,      10.00000000
-0.380000,   5.83805083e+00,   1.16289883e-04,   1.51660207e+00,  7.63019321e+14,  -2.57606447e+01,   0.00000000e+00,   0.00000000e+00,  1.06086174e-01,   8.02348946e-04,      10.00000000,      10.00000000
-0.360000,   5.87628893e+00,   1.18120356e-04,   1.50673326e+00,  7.18693391e+14,  -2.57606443e+01,   0.00000000e+00,   0.00000000e+00,  1.06086624e-01,   8.02349721e-04,      10.00000000,      10.00000000
-0.340000,   5.91772889e+00,   1.20134944e-04,   1.49618209e+00,  6.76640120e+14,  -2.57606438e+01,   0.00000000e+00,   0.00000000e+00,  1.06087094e-01,   8.02350499e-04,      10.00000000,      10.00000000
-0.320000,   5.96272816e+00,   1.22362383e-04,   1.48489077e+00,  6.36816431e+14,  -2.57606433e+01,   0.00000000e+00,   0.00000000e+00,  1.06087588e-01,   8.02351280e-04,      10.00000000,      10.00000000
-0.300000,   6.01169212e+00,   1.24831800e-04,   1.47279665e+00,  5.99183096e+14,  -2.57606428e+01,   0.00000000e+00,   0.00000000e+00,  1.06088106e-01,   8.02352064e-04,      10.00000000,      10.00000000
-0.280000,   6.06508226e+00,   1.27575789e-04,   1.45983181e+00,  5.63688329e+14,  -2.57606422e+01,   0.00000000e+00,   0.00000000e+00,  1.06088654e-01,   8.02352853e-04,      10.00000000,      10.00000000
-0.260000,   6.12342664e+00,   1.30638056e-04,   1.44592244e+00,  5.30282018e+14,  -2.57606416e+01,   0.00000000e+00,   0.00000000e+00,  1.06089233e-01,   8.02353647e-04,      10.00000000,      10.00000000
-0.240000,   6.18732958e+00,   1.34063530e-04,   1.43098891e+00,  4.98909001e+14,  -2.57606410e+01,   0.00000000e+00,   0.00000000e+00,  1.06089849e-01,   8.02354446e-04,      10.00000000,      10.00000000
-0.220000,   6.25748780e+00,   1.37915327e-04,   1.41494483e+00,  4.69513109e+14,  -2.57606404e+01,   0.00000000e+00,   0.00000000e+00,  1.06090506e-01,   8.02355251e-04,      10.00000000,      10.00000000
-0.200000,   6.33470485e+00,   1.42259153e-04,   1.39769732e+00,  4.42037812e+14,  -2.57606397e+01,   0.00000000e+00,   0.00000000e+00,  1.06091209e-01,   8.02356063e-04,      10.00000000,      10.00000000
-0.180000,   6.41991425e+00,   1.47179642e-04,   1.37914615e+00,  4.16421375e+14,  -2.57606389e+01,   0.00000000e+00,   0.00000000e+00,  1.06091967e-01,   8.02356883e-04,      10.00000000,      10.00000000
-0.160000,   6.51420477e+00,   1.52775833e-04,   1.35918356e+00,  3.92600785e+14,  -2.57606381e+01,   0.00000000e+00,   0.00000000e+00,  1.06092786e-01,   8.02357711e-04,      10.00000000,      10.00000000
-0.140000,   6.61885530e+00,   1.59174053e-04,   1.33769354e+00,  3.70513148e+14,  -2.57606372e+01,   0.00000000e+00,   0.00000000e+00,  1.06093676e-01,   8.02358550e-04,      10.00000000,      10.00000000
-0.120000,   6.73537604e+00,   1.66521861e-04,   1.31455170e+00,  3.50094897e+14,  -2.57606362e+01,   0.00000000e+00,   0.00000000e+00,  1.06094650e-01,   8.02359400e-04,      10.00000000,      10.00000000
-0.100000,   6.86556621e+00,   1.75008929e-04,   1.28962415e+00,  3.31282046e+14,  -2.57606352e+01,   0.00000000e+00,   0.00000000e+00,  1.06095723e-01,   8.02360263e-04,      10.00000000,      10.00000000
-0.080000,   7.01158614e+00,   1.84869902e-04,   1.26276706e+00,  3.14014659e+14,  -2.57606340e+01,   0.00000000e+00,   0.00000000e+00,  1.06096912e-01,   8.02361140e-04,      10.00000000,      10.00000000
-0.060000,   7.17605430e+00,   1.96401037e-04,   1.23382567e+00,  2.98237771e+14,  -2.57606326e+01,   0.00000000e+00,   0.00000000e+00,  1.06098241e-01,   8.02362034e-04,      10.00000000,      10.00000000
-0.040000,   7.36217639e+00,   2.09978741e-04,   1.20263351e+00,  2.83904344e+14,  -2.57606311e+01,   0.00000000e+00,   0.00000000e+00,  1.06099739e-01,   8.02362951e-04,      10.00000000,      10.00000000
-0.020000,   7.57392101e+00,   2.26107570e-04,   1.16901140e+00,  2.71034846e+14,  -2.57606294e+01,   0.00000000e+00,   0.00000000e+00,  1.06101444e-01,   8.02364200e-04,      10.00000000,      10.00000000
0.000000,   7.81615748e+00,   2.45446338e-04,   1.13278168e+00,  2.59518469e+14,  -2.57606274e+01,   0.00000000e+00,   0.00000000e+00,  1.06103406e-01,   8.02392019e-04,      10.00000000,      10.00000000
0.020000,   8.09533477e+00,   2.68826815e-04,   1.09371635e+00,  2.49400443e+14,  -2.57606252e+01,   0.00000000e+00,   0.00000000e+00,  1.06105691e-01,   8.02393141e-04,      10.00000000,      10.00000000
0.040000,   8.41936966e+00,   2.97429683e-04,   1.05162267e+00,  2.40861771e+14,  -2.57606225e+01,   0.00000000e+00,   0.00000000e+00,  1.06108387e-01,   8.02394163e-04,      10.00000000,      10.00000000
0.060000,   8.79853921e+00,   3.32864124e-04,   1.00630341e+00,  2.34038645e+14,  -2.57606192e+01,   0.00000000e+00,   0.00000000e+00,  1.06111617e-01,   8.02395224e-04,      10.00000000,      10.00000000
0.080000,   9.24607290e+00,   3.77334577e-04,   9.57595737e-01,  2.29242489e+14,  -2.57606153e+01,   0.00000000e+00,   0.00000000e+00,  1.06115545e-01,   8.02396332e-04,      10.00000000,      10.00000000
0.100000,   9.77895885e+00,   4.33926831e-04,   9.05413361e-01,  2.26965371e+14,  -2.57606104e+01,   0.00000000e+00,   0.00000000e+00,  1.06120405e-01,   8.02397496e-04,      10.00000000,      10.00000000
0.120000,   1.04187686e+01,   5.06953373e-04,   8.49812523e-01,  2.27953617e+14,  -2.57606043e+01,   0.00000000e+00,   0.00000000e+00,  1.06126520e-01,   8.02398728e-04,      10.00000000,      10.00000000
0.140000,   1.11922756e+01,   6.02387184e-04,   7.91081306e-01,  2.33303305e+14,  -2.57605965e+01,   0.00000000e+00,   0.00000000e+00,  1.06134343e-01,   8.02400042e-04,      10.00000000,      10.00000000
0.160000,   1.21314397e+01,   7.28431160e-04,   7.29839180e-01,  2.44596966e+14,  -2.57605863e+01,   0.00000000e+00,   0.00000000e+00,  1.06144502e-01,   8.02401455e-04,      10.00000000,      10.00000000
0.180000,   1.32720514e+01,   8.96027508e-04,   6.67116163e-01,  2.64104114e+14,  -2.57605730e+01,   0.00000000e+00,   0.00000000e+00,  1.06157852e-01,   8.02402990e-04,      10.00000000,      10.00000000
0.200000,   1.46502045e+01,   1.11906488e-03,   6.04360164e-01,  2.95068381e+14,  -2.57605553e+01,   0.00000000e+00,   0.00000000e+00,  1.06175529e-01,   8.02404673e-04,      10.00000000,      10.00000000
0.220000,   1.62960602e+01,   1.41398028e-03,   5.43321510e-01,  3.42101671e+14,  -2.57605318e+01,   0.00000000e+00,   0.00000000e+00,  1.06198993e-01,   8.02406535e-04,      10.00000000,      10.00000000
0.240000,   1.82254084e+01,   1.79820105e-03,   4.85805300e-01,  4.11669949e+14,  -2.57605008e+01,   0.00000000e+00,   0.00000000e+00,  1.06230020e-01,   8.02408608e-04,      10.00000000,      10.00000000
0.260000,   2.04313755e+01,   2.28722909e-03,   4.33353104e-01,  5.12576702e+14,  -2.57604602e+01,   0.00000000e+00,   0.00000000e+00,  1.06270640e-01,   8.02410925e-04,      10.00000000,      10.00000000
0.280000,   2.28802295e+01,   2.89101314e-03,   3.86971643e-01,  6.56238269e+14,  -2.57604078e+01,   0.00000000e+00,   0.00000000e+00,  1.06323001e-01,   8.02413515e-04,      10.00000000,      10.00000000
0.300000,   2.55148034e+01,   3.61096933e-03,   3.47014235e-01,  8.56406686e+14,  -2.57603417e+01,   0.00000000e+00,   0.00000000e+00,  1.06389160e-01,   8.02416402e-04,      10.00000000,      10.00000000
0.320000,   2.82659299e+01,   4.43974810e-03,   3.13239297e-01,  1.12790073e+15,  -2.57602600e+01,   0.00000000e+00,   0.00000000e+00,  1.06470862e-01,   8.02419598e-04,      10.00000000,      10.00000000
0.340000,   3.10680107e+01,   5.36400923e-03,   2.84987670e-01,  1.48392798e+15,  -2.57601615e+01,   0.00000000e+00,   0.00000000e+00,  1.06569348e-01,   8.02423107e-04,      10.00000000,      10.00000000
0.360000,   3.38731574e+01,   6.36993806e-03,   2.61386912e-01,  1.93185207e+15,  -2.57600456e+01,   0.00000000e+00,   0.00000000e+00,  1.06685225e-01,   8.02426921e-04,      10.00000000,      10.00000000
0.380000,   3.66598552e+01,   7.44923175e-03,   2.41517594e-01,  2.46810056e+15,  -2.57599124e+01,   0.00000000e+00,   0.00000000e+00,  1.06818422e-01,   8.02431029e-04,      10.00000000,      10.00000000
0.400000,   3.94354705e+01,   8.60393458e-03,   2.24518686e-01,  3.07436274e+15,  -2.57597626e+01,   0.00000000e+00,   0.00000000e+00,  1.06968194e-01,   8.02435416e-04,      10.00000000,      10.00000000
0.420000,   4.22342759e+01,   9.84984837e-03,   2.09640151e-01,  3.71879305e+15,  -2.57595976e+01,   0.00000000e+00,   0.00000000e+00,  1.07133165e-01,   8.02440068e-04,      10.00000000,      10.00000000
0.440000,   4.51129721e+01,   1.12180498e-02,   1.96262839e-01,  4.36518352e+15,  -2.57594194e+01,   0.00000000e+00,   0.00000000e+00,  1.07311389e-01,   8.02444974e-04,      10.00000000,      10.00000000
0.460000,   4.81451394e+01,   1.27556852e-02,   1.83902261e-01,  4.98801953e+15,  -2.57592304e+01,   0.00000000e+00,   0.00000000e+00,  1.07500430e-01,   8.02450129e-04,      10.00000000,      10.00000000
0.480000,   5.14151569e+01,   1.45264240e-02,   1.72206029e-01,  5.58550870e+15,  -2.57590333e+01,   0.00000000e+00,   0.00000000e+00,  1.07697473e-01,   8.02455535e-04,      10.00000000,      10.00000000
0.500000,   5.50117575e+01,   1.66098770e-02,   1.60947412e-01,  6.18268839e+15,  -2.57588313e+01,   0.00000000e+00,   0.00000000e+00,  1.07899490e-01,   8.02461201e-04,      10.00000000,      10.00000000
0.520000,   5.90220237e+01,   1.91016725e-02,   1.50011800e-01,  6.82446699e+15,  -2.57586273e+01,   0.00000000e+00,   0.00000000e+00,  1.08103466e-01,   8.02467143e-04,      10.00000000,      10.00000000
0.540000,   6.35267453e+01,   2.21138788e-02,   1.39374368e-01,  7.56563464e+15,  -2.57584241e+01,   0.00000000e+00,   0.00000000e+00,  1.08306683e-01,   8.02473386e-04,      10.00000000,      10.00000000
0.560000,   6.85977731e+01,   2.57748557e-02,   1.29071245e-01,  8.46404943e+15,  -2.57582237e+01,   0.00000000e+00,   0.00000000e+00,  1.08507033e-01,   8.02479958e-04,      10.00000000,      10.00000000
0.580000,   7.42974881e+01,   3.02325317e-02,   1.19169574e-01,  9.57994799e+15,  -2.57580274e+01,   0.00000000e+00,   0.00000000e+00,  1.08703333e-01,   8.02486894e-04,      10.00000000,      10.00000000
0.600000,   8.06776678e+01,   3.56536892e-02,   1.09745364e-01,  1.09809613e+16,  -2.57578351e+01,   0.00000000e+00,   0.00000000e+00,  1.08895625e-01,   8.02494231e-04,      10.00000000,      10.00000000
0.620000,   8.77757403e+01,   4.22223842e-02,   1.00870696e-01,  1.27508578e+16,  -2.57576452e+01,   0.00000000e+00,   0.00000000e+00,  1.09085496e-01,   8.02502013e-04,      10.00000000,      10.00000000
0.640000,   9.56060959e+01,   5.01284754e-02,   9.26091575e-02,  1.50005442e+16,  -2.57574542e+01,   0.00000000e+00,   0.00000000e+00,  1.09276505e-01,   8.02510282e-04,      10.00000000,      10.00000000
0.660000,   1.04147731e+02,   5.95446522e-02,   8.50138544e-02,  1.78778047e+16,  -2.57572558e+01,   0.00000000e+00,   0.00000000e+00,  1.09474898e-01,   8.02519087e-04,      10.00000000,      10.00000000
0.680000,   1.13333270e+02,   7.05987982e-02,   7.81235733e-02,  2.15742281e+16,  -2.57570398e+01,   0.00000000e+00,   0.00000000e+00,  1.09690882e-01,   8.02528473e-04,      10.00000000,      10.00000000
0.700000,   1.23044258e+02,   8.33353744e-02,   7.19578479e-02,  2.63262287e+16,  -2.57567898e+01,   0.00000000e+00,   0.00000000e+00,  1.09940934e-01,   8.02538490e-04,      10.00000000,      10.00000000
0.720000,   1.33119543e+02,   9.76943841e-02,   6.65116466e-02,  3.24056701e+16,  -2.57564787e+01,   0.00000000e+00,   0.00000000e+00,  1.10251956e-01,   8.02549192e-04,      10.00000000,      10.00000000
0.740000,   1.43376044e+02,   1.13507390e-01,   6.17536917e-02,  4.00960248e+16,  -2.57560620e+01,   0.00000000e+00,   0.00000000e+00,  1.10668717e-01,   8.02560652e-04,      10.00000000,      10.00000000
0.760000,   1.53638471e+02,   1.30525910e-01,   5.76287954e-02,  4.96433143e+16,  -2.57554634e+01,   0.00000000e+00,   0.00000000e+00,  1.11267262e-01,   8.02572986e-04,      10.00000000,      10.00000000
0.780000,   1.63770153e+02,   1.48466549e-01,   5.40635753e-02,  6.11645532e+16,  -2.57545514e+01,   0.00000000e+00,   0.00000000e+00,  1.12179204e-01,   8.02586399e-04,      10.00000000,      10.00000000
0.800000,   1.73701483e+02,   1.67087977e-01,   5.09725067e-02,  6.11645532e+16,  -2.57530944e+01,   0.00000000e+00,   0.00000000e+00,  1.13636232e-01,   8.02591912e-04,      10.00000000,      10.00000000
SCAPS 3.3.11 ELIS-UGent: Version scaps3311.exe, dated 07-10-2023, 11:15:54
Simulation of C-V curves
Single shot simulation #,4
Calculation started : ,21-11-2023 at 13:52:20
problem definition file :,c:\Program Files (x86)\Scaps3311\def\CdTeSe_25%.def
last saved: ,18-11-2023 at 22:14:31
Calculation under illumination
Optical generation from internal SCAPS calculation
Illumination spectrum read from file
spectrum file :
C:\Program Files (x86)\Scaps3311\spectrum\AM1_5G 1 sun.spe  last saved: ,22-05-2009 at 14:59:48
Neutral density filter: ND,  0.0000
Transmission of ND filter:,  1.0000e+00
Power from spectrum:,  100.0000,mW/cm2
Incident power on solar cell structure,  100.0000,mW/cm2
Working point conditions
Temperature,  300.00,K
Workpoint bias voltage,    0.0000,Volt
Frequency,  1.0000e+06,Hz
Voltage reference convention: voltage referred to right contact, voltage V applied to left contact
Current reference convention: current positive when entering the left contact
Power generated by the cell: = -V*I; power consumed by the cell = +V*I
the Mott-Schottky analysis (determination of N(W)) is done with a constant value of epsilon,10.0
-0.800000,   5.41562587e+00,   9.81188904e-05,   1.63489875e+00,  2.20310287e+15,  -2.57621801e+01,   0.00000000e+00,   0.00000000e+00,  1.06075397e-01,   8.02379201e-04,      10.00000000,      10.00000000
-0.780000,   5.42559481e+00,   9.85094119e-05,   1.63189481e+00,  2.20310287e+15,  -2.57621798e+01,   0.00000000e+00,   0.00000000e+00,  1.06075655e-01,   8.02379819e-04,      10.00000000,      10.00000000
-0.760000,   5.43607258e+00,   9.89228430e-05,   1.62874941e+00,  2.10720213e+15,  -2.57621795e+01,   0.00000000e+00,   0.00000000e+00,  1.06075917e-01,   8.02380438e-04,      10.00000000,      10.00000000
-0.740000,   5.44709635e+00,   9.93601827e-05,   1.62545317e+00,  2.01396028e+15,  -2.57621793e+01,   0.00000000e+00,   0.00000000e+00,  1.06076183e-01,   8.02381055e-04,      10.00000000,      10.00000000
-0.720000,   5.45870696e+00,   9.98238684e-05,   1.62199584e+00,  1.92337873e+15,  -2.57621790e+01,   0.00000000e+00,   0.00000000e+00,  1.06076453e-01,   8.02381673e-04,      10.00000000,      10.00000000
-0.700000,   5.47094884e+00,   1.00314786e-04,   1.61836644e+00,  1.83542170e+15,  -2.57621787e+01,   0.00000000e+00,   0.00000000e+00,  1.06076728e-01,   8.02382289e-04,      10.00000000,      10.00000000
-0.680000,   5.48387136e+00,   1.00838435e-04,   1.61455283e+00,  1.75013570e+15,  -2.57621784e+01,   0.00000000e+00,   0.00000000e+00,  1.06077008e-01,   8.02382906e-04,      10.00000000,      10.00000000
-0.660000,   5.49752731e+00,   1.01391523e-04,   1.61054225e+00,  1.66747418e+15,  -2.57621782e+01,   0.00000000e+00,   0.00000000e+00,  1.06077293e-01,   8.02383523e-04,      10.00000000,      10.00000000
-0.640000,   5.51197673e+00,   1.01983721e-04,   1.60632028e+00,  1.58740913e+15,  -2.57621779e+01,   0.00000000e+00,   0.00000000e+00,  1.06077584e-01,   8.02384139e-04,      10.00000000,      10.00000000
-0.620000,   5.52728411e+00,   1.02615013e-04,   1.60187170e+00,  1.50998583e+15,  -2.57621776e+01,   0.00000000e+00,   0.00000000e+00,  1.06077882e-01,   8.02384756e-04,      10.00000000,      10.00000000
-0.600000,   5.54352118e+00,   1.03289488e-04,   1.59717979e+00,  1.43516063e+15,  -2.57621773e+01,   0.00000000e+00,   0.00000000e+00,  1.06078186e-01,   8.02385372e-04,      10.00000000,      10.00000000
-0.580000,   5.56076718e+00,   1.04011938e-04,   1.59222634e+00,  1.36292124e+15,  -2.57621770e+01,   0.00000000e+00,   0.00000000e+00,  1.06078497e-01,   8.02385989e-04,      10.00000000,      10.00000000
-0.560000,   5.57910978e+00,   1.04787836e-04,   1.58699154e+00,  1.29326757e+15,  -2.57621766e+01,   0.00000000e+00,   0.00000000e+00,  1.06078815e-01,   8.02386606e-04,      10.00000000,      10.00000000
-0.540000,   5.59864575e+00,   1.05620802e-04,   1.58145387e+00,  1.22618297e+15,  -2.57621763e+01,   0.00000000e+00,   0.00000000e+00,  1.06079142e-01,   8.02387224e-04,      10.00000000,      10.00000000
-0.520000,   5.61948285e+00,   1.06517331e-04,   1.57558983e+00,  1.16163657e+15,  -2.57621760e+01,   0.00000000e+00,   0.00000000e+00,  1.06079478e-01,   8.02387842e-04,      10.00000000,      10.00000000
-0.500000,   5.64174093e+00,   1.07485360e-04,   1.56937373e+00,  1.09962058e+15,  -2.57621756e+01,   0.00000000e+00,   0.00000000e+00,  1.06079824e-01,   8.02388461e-04,      10.00000000,      10.00000000
-0.480000,   5.66555298e+00,   1.08530409e-04,   1.56277773e+00,  1.04010294e+15,  -2.57621753e+01,   0.00000000e+00,   0.00000000e+00,  1.06080179e-01,   8.02389081e-04,      10.00000000,      10.00000000
-0.460000,   5.69106830e+00,   1.09665188e-04,   1.55577117e+00,  9.83062518e+14,  -2.57621749e+01,   0.00000000e+00,   0.00000000e+00,  1.06080547e-01,   8.02389702e-04,      10.00000000,      10.00000000
-0.440000,   5.71845270e+00,   1.10897516e-04,   1.54832093e+00,  9.28485877e+14,  -2.57621745e+01,   0.00000000e+00,   0.00000000e+00,  1.06080926e-01,   8.02390324e-04,      10.00000000,      10.00000000
-0.420000,   5.74789218e+00,   1.12237929e-04,   1.54039076e+00,  8.76331957e+14,  -2.57621741e+01,   0.00000000e+00,   0.00000000e+00,  1.06081319e-01,   8.02390947e-04,      10.00000000,      10.00000000
-0.400000,   5.77959576e+00,   1.13701459e-04,   1.53194105e+00,  8.26568814e+14,  -2.57621737e+01,   0.00000000e+00,   0.00000000e+00,  1.06081727e-01,   8.02391572e-04,      10.00000000,      10.00000000
-0.380000,   5.81379815e+00,   1.15303604e-04,   1.52292869e+00,  7.79170904e+14,  -2.57621733e+01,   0.00000000e+00,   0.00000000e+00,  1.06082152e-01,   8.02392199e-04,      10.00000000,      10.00000000
-0.360000,   5.85076333e+00,   1.17059555e-04,   1.51330681e+00,  7.34095430e+14,  -2.57621729e+01,   0.00000000e+00,   0.00000000e+00,  1.06082594e-01,   8.02392828e-04,      10.00000000,      10.00000000
-0.340000,   5.89079028e+00,   1.18993429e-04,   1.50302414e+00,  6.91303053e+14,  -2.57621724e+01,   0.00000000e+00,   0.00000000e+00,  1.06083056e-01,   8.02393460e-04,      10.00000000,      10.00000000
-0.320000,   5.93421642e+00,   1.21127239e-04,   1.49202512e+00,  6.50756378e+14,  -2.57621719e+01,   0.00000000e+00,   0.00000000e+00,  1.06083540e-01,   8.02394094e-04,      10.00000000,      10.00000000
-0.300000,   5.98142491e+00,   1.23489280e-04,   1.48024929e+00,  6.12410266e+14,  -2.57621714e+01,   0.00000000e+00,   0.00000000e+00,  1.06084048e-01,   8.02394732e-04,      10.00000000,      10.00000000
-0.280000,   6.03285112e+00,   1.26110022e-04,   1.46763111e+00,  5.76215679e+14,  -2.57621709e+01,   0.00000000e+00,   0.00000000e+00,  1.06084584e-01,   8.02395373e-04,      10.00000000,      10.00000000
-0.260000,   6.08899234e+00,   1.29029557e-04,   1.45409938e+00,  5.42121015e+14,  -2.57621703e+01,   0.00000000e+00,   0.00000000e+00,  1.06085151e-01,   8.02396018e-04,      10.00000000,      10.00000000
-0.240000,   6.15041727e+00,   1.32292985e-04,   1.43957712e+00,  5.10074149e+14,  -2.57621697e+01,   0.00000000e+00,   0.00000000e+00,  1.06085752e-01,   8.02396667e-04,      10.00000000,      10.00000000
-0.220000,   6.21777932e+00,   1.35955694e-04,   1.42398106e+00,  4.80022153e+14,  -2.57621691e+01,   0.00000000e+00,   0.00000000e+00,  1.06086392e-01,   8.02397322e-04,      10.00000000,      10.00000000
-0.200000,   6.29183083e+00,   1.40077447e-04,   1.40722156e+00,  4.51906042e+14,  -2.57621684e+01,   0.00000000e+00,   0.00000000e+00,  1.06087076e-01,   8.02397982e-04,      10.00000000,      10.00000000
-0.180000,   6.37344428e+00,   1.44738299e-04,   1.38920176e+00,  4.25664194e+14,  -2.57621676e+01,   0.00000000e+00,   0.00000000e+00,  1.06087811e-01,   8.02398648e-04,      10.00000000,      10.00000000
-0.160000,   6.46363440e+00,   1.50030563e-04,   1.36981758e+00,  4.01236787e+14,  -2.57621668e+01,   0.00000000e+00,   0.00000000e+00,  1.06088605e-01,   8.02399322e-04,      10.00000000,      10.00000000
-0.140000,   6.56358872e+00,   1.56065976e-04,   1.34895716e+00,  3.78561120e+14,  -2.57621660e+01,   0.00000000e+00,   0.00000000e+00,  1.06089466e-01,   8.02400004e-04,      10.00000000,      10.00000000
-0.120000,   6.67470574e+00,   1.62979684e-04,   1.32650043e+00,  3.57571616e+14,  -2.57621650e+01,   0.00000000e+00,   0.00000000e+00,  1.06090405e-01,   8.02400695e-04,      10.00000000,      10.00000000
-0.100000,   6.79864583e+00,   1.70947756e-04,   1.30231817e+00,  3.38205398e+14,  -2.57621640e+01,   0.00000000e+00,   0.00000000e+00,  1.06091436e-01,   8.02401397e-04,      10.00000000,      10.00000000
-0.080000,   6.93739310e+00,   1.80178115e-04,   1.27627192e+00,  3.20402119e+14,  -2.57621629e+01,   0.00000000e+00,   0.00000000e+00,  1.06092576e-01,   8.02402110e-04,      10.00000000,      10.00000000
-0.060000,   7.09334223e+00,   1.90937016e-04,   1.24821272e+00,  3.04102745e+14,  -2.57621616e+01,   0.00000000e+00,   0.00000000e+00,  1.06093846e-01,   8.02402836e-04,      10.00000000,      10.00000000
-0.040000,   7.26941164e+00,   2.03568127e-04,   1.21798028e+00,  2.89258185e+14,  -2.57621602e+01,   0.00000000e+00,   0.00000000e+00,  1.06095272e-01,   8.02403582e-04,      10.00000000,      10.00000000
-0.020000,   7.46919212e+00,   2.18506867e-04,   1.18540263e+00,  2.75882596e+14,  -2.57621585e+01,   0.00000000e+00,   0.00000000e+00,  1.06096889e-01,   8.02404654e-04,      10.00000000,      10.00000000
0.000000,   7.69706610e+00,   2.36346930e-04,   1.15030843e+00,  2.63851360e+14,  -2.57621567e+01,   0.00000000e+00,   0.00000000e+00,  1.06098739e-01,   8.02432250e-04,      10.00000000,      10.00000000
0.020000,   7.95881645e+00,   2.57801943e-04,   1.11247697e+00,  2.53192540e+14,  -2.57621545e+01,   0.00000000e+00,   0.00000000e+00,  1.06100884e-01,   8.02433166e-04,      10.00000000,      10.00000000
0.040000,   8.26149761e+00,   2.83917571e-04,   1.07171852e+00,  2.44062091e+14,  -2.57621520e+01,   0.00000000e+00,   0.00000000e+00,  1.06103400e-01,   8.02433994e-04,      10.00000000,      10.00000000
0.060000,   8.61422961e+00,   3.16062252e-04,   1.02783422e+00,  2.36554871e+14,  -2.57621490e+01,   0.00000000e+00,   0.00000000e+00,  1.06106392e-01,   8.02434852e-04,      10.00000000,      10.00000000
0.080000,   9.02872862e+00,   3.56146361e-04,   9.80647483e-01,  2.30922174e+14,  -2.57621454e+01,   0.00000000e+00,   0.00000000e+00,  1.06110008e-01,   8.02435747e-04,      10.00000000,      10.00000000
0.100000,   9.52002881e+00,   4.06801864e-04,   9.30039202e-01,  2.27572786e+14,  -2.57621410e+01,   0.00000000e+00,   0.00000000e+00,  1.06114446e-01,   8.02436685e-04,      10.00000000,      10.00000000
0.120000,   1.01072718e+01,   4.71691429e-04,   8.76002956e-01,  2.27133318e+14,  -2.57621354e+01,   0.00000000e+00,   0.00000000e+00,  1.06119987e-01,   8.02437675e-04,      10.00000000,      10.00000000
0.140000,   1.08143916e+01,   5.55903195e-04,   8.18723819e-01,  2.30532016e+14,  -2.57621284e+01,   0.00000000e+00,   0.00000000e+00,  1.06127021e-01,   8.02438728e-04,      10.00000000,      10.00000000
0.160000,   1.16703554e+01,   6.66435439e-04,   7.58674408e-01,  2.39114122e+14,  -2.57621193e+01,   0.00000000e+00,   0.00000000e+00,  1.06136090e-01,   8.02439858e-04,      10.00000000,      10.00000000
0.180000,   1.27083883e+01,   8.12689498e-04,   6.96705181e-01,  2.54807393e+14,  -2.57621075e+01,   0.00000000e+00,   0.00000000e+00,  1.06147936e-01,   8.02441082e-04,      10.00000000,      10.00000000
0.200000,   1.39634120e+01,   1.00678212e-03,   6.34085710e-01,  2.80360994e+14,  -2.57620918e+01,   0.00000000e+00,   0.00000000e+00,  1.06163553e-01,   8.02442419e-04,      10.00000000,      10.00000000
0.220000,   1.54670258e+01,   1.26342010e-03,   5.72443604e-01,  3.19680667e+14,  -2.57620712e+01,   0.00000000e+00,   0.00000000e+00,  1.06184234e-01,   8.02443893e-04,      10.00000000,      10.00000000
0.240000,   1.72400550e+01,   1.59885513e-03,   5.13571447e-01,  3.78261911e+14,  -2.57620438e+01,   0.00000000e+00,   0.00000000e+00,  1.06211582e-01,   8.02445532e-04,      10.00000000,      10.00000000
0.260000,   1.92842014e+01,   2.02852668e-03,   4.59132313e-01,  4.63664082e+14,  -2.57620079e+01,   0.00000000e+00,   0.00000000e+00,  1.06247476e-01,   8.02447363e-04,      10.00000000,      10.00000000
0.280000,   2.15761197e+01,   2.56376596e-03,   4.10361091e-01,  5.85876413e+14,  -2.57619614e+01,   0.00000000e+00,   0.00000000e+00,  1.06293961e-01,   8.02449413e-04,      10.00000000,      10.00000000
0.300000,   2.40677099e+01,   3.20865089e-03,   3.67878790e-01,  7.57310961e+14,  -2.57619023e+01,   0.00000000e+00,   0.00000000e+00,  1.06353075e-01,   8.02451702e-04,      10.00000000,      10.00000000
0.320000,   2.66943133e+01,   3.95856358e-03,   3.31681130e-01,  9.92047181e+14,  -2.57618288e+01,   0.00000000e+00,   0.00000000e+00,  1.06426632e-01,   8.02454247e-04,      10.00000000,      10.00000000
0.340000,   2.93885950e+01,   4.80167205e-03,   3.01273334e-01,  1.30391061e+15,  -2.57617394e+01,   0.00000000e+00,   0.00000000e+00,  1.06516028e-01,   8.02457055e-04,      10.00000000,      10.00000000
0.360000,   3.20950829e+01,   5.72354887e-03,   2.75867803e-01,  1.70313774e+15,  -2.57616333e+01,   0.00000000e+00,   0.00000000e+00,  1.06622088e-01,   8.02460124e-04,      10.00000000,      10.00000000
0.380000,   3.47804892e+01,   6.71223263e-03,   2.54568012e-01,  2.19184171e+15,  -2.57615104e+01,   0.00000000e+00,   0.00000000e+00,  1.06745000e-01,   8.02463447e-04,      10.00000000,      10.00000000
0.400000,   3.74381730e+01,   7.76361690e-03,   2.36496583e-01,  2.75953807e+15,  -2.57613711e+01,   0.00000000e+00,   0.00000000e+00,  1.06884301e-01,   8.02467014e-04,      10.00000000,      10.00000000
0.420000,   4.00874203e+01,   8.88449748e-03,   2.20867293e-01,  3.38157876e+15,  -2.57612165e+01,   0.00000000e+00,   0.00000000e+00,  1.07038915e-01,   8.02470812e-04,      10.00000000,      10.00000000
0.440000,   4.27697232e+01,   1.00944085e-02,   2.07015602e-01,  4.02378558e+15,  -2.57610482e+01,   0.00000000e+00,   0.00000000e+00,  1.07207202e-01,   8.02474833e-04,      10.00000000,      10.00000000
0.460000,   4.55436652e+01,   1.14263137e-02,   1.94406839e-01,  4.65421693e+15,  -2.57608683e+01,   0.00000000e+00,   0.00000000e+00,  1.07387033e-01,   8.02479068e-04,      10.00000000,      10.00000000
0.480000,   4.84792166e+01,   1.29265146e-02,   1.82634965e-01,  5.25733264e+15,  -2.57606795e+01,   0.00000000e+00,   0.00000000e+00,  1.07575871e-01,   8.02483518e-04,      10.00000000,      10.00000000
0.500000,   5.16517109e+01,   1.46538915e-02,   1.71417362e-01,  5.84238782e+15,  -2.57604844e+01,   0.00000000e+00,   0.00000000e+00,  1.07770905e-01,   8.02488184e-04,      10.00000000,      10.00000000
0.520000,   5.51358380e+01,   1.66786629e-02,   1.60585208e-01,  6.44161762e+15,  -2.57602861e+01,   0.00000000e+00,   0.00000000e+00,  1.07969225e-01,   8.02493078e-04,      10.00000000,      10.00000000
0.540000,   5.90004574e+01,   1.90817237e-02,   1.50066633e-01,  7.10158652e+15,  -2.57600873e+01,   0.00000000e+00,   0.00000000e+00,  1.08168057e-01,   8.02498213e-04,      10.00000000,      10.00000000
0.560000,   6.33049439e+01,   2.19536970e-02,   1.39862694e-01,  7.87451466e+15,  -2.57598903e+01,   0.00000000e+00,   0.00000000e+00,  1.08365044e-01,   8.02503609e-04,      10.00000000,      10.00000000
0.580000,   6.80974598e+01,   2.53941858e-02,   1.30019534e-01,  8.81394483e+15,  -2.57596968e+01,   0.00000000e+00,   0.00000000e+00,  1.08558539e-01,   8.02509291e-04,      10.00000000,      10.00000000
0.600000,   7.34143312e+01,   2.95104659e-02,   1.20603155e-01,  9.97544015e+15,  -2.57595074e+01,   0.00000000e+00,   0.00000000e+00,  1.08747914e-01,   8.02515286e-04,      10.00000000,      10.00000000
0.620000,   7.92791392e+01,   3.44177025e-02,   1.11681334e-01,  1.14217557e+16,  -2.57593214e+01,   0.00000000e+00,   0.00000000e+00,  1.08933885e-01,   8.02521626e-04,      10.00000000,      10.00000000
0.640000,   8.56989382e+01,   4.02317253e-02,   1.03315166e-01,  1.32307799e+16,  -2.57591364e+01,   0.00000000e+00,   0.00000000e+00,  1.09118939e-01,   8.02528343e-04,      10.00000000,      10.00000000
0.660000,   9.26578976e+01,   4.70573493e-02,   9.55558050e-02,  1.55031961e+16,  -2.57589473e+01,   0.00000000e+00,   0.00000000e+00,  1.09308031e-01,   8.02535475e-04,      10.00000000,      10.00000000
0.680000,   1.00110418e+02,   5.49728360e-02,   8.84423440e-02,  1.83684250e+16,  -2.57587455e+01,   0.00000000e+00,   0.00000000e+00,  1.09509845e-01,   8.02543059e-04,      10.00000000,      10.00000000
0.700000,   1.07977162e+02,   6.40096962e-02,   8.19988211e-02,  2.19860867e+16,  -2.57585162e+01,   0.00000000e+00,   0.00000000e+00,  1.09739130e-01,   8.02551142e-04,      10.00000000,      10.00000000
0.720000,   1.16148468e+02,   7.41370288e-02,   7.62300194e-02,  2.65386313e+16,  -2.57582342e+01,   0.00000000e+00,   0.00000000e+00,  1.10021040e-01,   8.02559777e-04,      10.00000000,      10.00000000
0.740000,   1.24497498e+02,   8.52594338e-02,   7.11178948e-02,  3.22085667e+16,  -2.57578561e+01,   0.00000000e+00,   0.00000000e+00,  1.10399128e-01,   8.02569042e-04,      10.00000000,      10.00000000
0.760000,   1.32902607e+02,   9.72374975e-02,   6.66202129e-02,  3.91292803e+16,  -2.57573051e+01,   0.00000000e+00,   0.00000000e+00,  1.10950141e-01,   8.02579064e-04,      10.00000000,      10.00000000
0.780000,   1.41275031e+02,   1.09923615e-01,   6.26720799e-02,  4.72868360e+16,  -2.57564438e+01,   0.00000000e+00,   0.00000000e+00,  1.11811447e-01,   8.02590071e-04,      10.00000000,      10.00000000
0.800000,   1.49591115e+02,   1.23236656e-01,   5.91880072e-02,  4.72868360e+16,  -2.57550230e+01,   0.00000000e+00,   0.00000000e+00,  1.13232197e-01,   8.02602484e-04,      10.00000000,      10.00000000
SCAPS 3.3.11 ELIS-UGent: Version scaps3311.exe, dated 07-10-2023, 11:15:54
Simulation of C-V curves
Single shot simulation #,5
Calculation started : ,21-11-2023 at 13:55:49
problem definition file :,c:\Program Files (x86)\Scaps3311\def\CdTeSe_25%.def
last saved: ,18-11-2023 at 22:14:31
Calculation under illumination
Optical generation from internal SCAPS calculation
Illumination spectrum read from file
spectrum file :
C:\Program Files (x86)\Scaps3311\spectrum\AM1_5G 1 sun.spe  last saved: ,22-05-2009 at 14:59:48
Neutral density filter: ND,  0.0000
Transmission of ND filter:,  1.0000e+00
Power from spectrum:,  100.0000,mW/cm2
Incident power on solar cell structure,  100.0000,mW/cm2
Working point conditions
Temperature,  300.00,K
Workpoint bias voltage,    0.0000,Volt
Frequency,  1.0000e+06,Hz
Voltage reference convention: voltage referred to right contact, voltage V applied to left contact
Current reference convention: current positive when entering the left contact
Power generated by the cell: = -V*I; power consumed by the cell = +V*I
the Mott-Schottky analysis (determination of N(W)) is done with a constant value of epsilon,10.0
-0.800000,   5.40038617e+00,   9.76015577e-05,   1.63951238e+00,  2.24986459e+15,  -2.57637087e+01,   0.00000000e+00,   0.00000000e+00,  1.06071412e-01,   8.02416367e-04,      10.00000000,      10.00000000
-0.780000,   5.41006692e+00,   9.79817300e-05,   1.63657865e+00,  2.24986459e+15,  -2.57637085e+01,   0.00000000e+00,   0.00000000e+00,  1.06071667e-01,   8.02416880e-04,      10.00000000,      10.00000000
-0.760000,   5.42023639e+00,   9.83821790e-05,   1.63350809e+00,  2.15275643e+15,  -2.57637082e+01,   0.00000000e+00,   0.00000000e+00,  1.06071927e-01,   8.02417393e-04,      10.00000000,      10.00000000
-0.740000,   5.43092995e+00,   9.88039005e-05,   1.63029170e+00,  2.05828425e+15,  -2.57637079e+01,   0.00000000e+00,   0.00000000e+00,  1.06072190e-01,   8.02417907e-04,      10.00000000,      10.00000000
-0.720000,   5.44218663e+00,   9.92508050e-05,   1.62691958e+00,  1.96642373e+15,  -2.57637077e+01,   0.00000000e+00,   0.00000000e+00,  1.06072458e-01,   8.02418420e-04,      10.00000000,      10.00000000
-0.700000,   5.45404899e+00,   9.97263339e-05,   1.62338109e+00,  1.87725324e+15,  -2.57637074e+01,   0.00000000e+00,   0.00000000e+00,  1.06072730e-01,   8.02418933e-04,      10.00000000,      10.00000000
-0.680000,   5.46656281e+00,   1.00228817e-04,   1.61966492e+00,  1.79073996e+15,  -2.57637071e+01,   0.00000000e+00,   0.00000000e+00,  1.06073007e-01,   8.02419446e-04,      10.00000000,      10.00000000
-0.660000,   5.47977944e+00,   1.00763872e-04,   1.61575846e+00,  1.70684953e+15,  -2.57637068e+01,   0.00000000e+00,   0.00000000e+00,  1.06073289e-01,   8.02419959e-04,      10.00000000,      10.00000000
-0.640000,   5.49375454e+00,   1.01332913e-04,   1.61164827e+00,  1.62560100e+15,  -2.57637065e+01,   0.00000000e+00,   0.00000000e+00,  1.06073577e-01,   8.02420472e-04,      10.00000000,      10.00000000
-0.620000,   5.50854965e+00,   1.01939626e-04,   1.60731963e+00,  1.54696802e+15,  -2.57637063e+01,   0.00000000e+00,   0.00000000e+00,  1.06073871e-01,   8.02420985e-04,      10.00000000,      10.00000000
-0.600000,   5.52423256e+00,   1.02587978e-04,   1.60275656e+00,  1.47094979e+15,  -2.57637060e+01,   0.00000000e+00,   0.00000000e+00,  1.06074171e-01,   8.02421499e-04,      10.00000000,      10.00000000
-0.580000,   5.54087789e+00,   1.03281344e-04,   1.59794173e+00,  1.39753283e+15,  -2.57637056e+01,   0.00000000e+00,   0.00000000e+00,  1.06074478e-01,   8.02422013e-04,      10.00000000,      10.00000000
-0.560000,   5.55856828e+00,   1.04024725e-04,   1.59285621e+00,  1.32670842e+15,  -2.57637053e+01,   0.00000000e+00,   0.00000000e+00,  1.06074792e-01,   8.02422527e-04,      10.00000000,      10.00000000
-0.540000,   5.57739489e+00,   1.04821551e-04,   1.58747949e+00,  1.25844631e+15,  -2.57637050e+01,   0.00000000e+00,   0.00000000e+00,  1.06075115e-01,   8.02423042e-04,      10.00000000,      10.00000000
-0.520000,   5.59745950e+00,   1.05680640e-04,   1.58178903e+00,  1.19273708e+15,  -2.57637047e+01,   0.00000000e+00,   0.00000000e+00,  1.06075446e-01,   8.02423558e-04,      10.00000000,      10.00000000
-0.500000,   5.61887418e+00,   1.06605554e-04,   1.57576050e+00,  1.12956921e+15,  -2.57637043e+01,   0.00000000e+00,   0.00000000e+00,  1.06075786e-01,   8.02424074e-04,      10.00000000,      10.00000000
-0.480000,   5.64176428e+00,   1.07604772e-04,   1.56936723e+00,  1.06891254e+15,  -2.57637040e+01,   0.00000000e+00,   0.00000000e+00,  1.06076136e-01,   8.02424591e-04,      10.00000000,      10.00000000
-0.460000,   5.66626909e+00,   1.08685905e-04,   1.56258022e+00,  1.01074258e+15,  -2.57637036e+01,   0.00000000e+00,   0.00000000e+00,  1.06076497e-01,   8.02425109e-04,      10.00000000,      10.00000000
-0.440000,   5.69254456e+00,   1.09859968e-04,   1.55536771e+00,  9.55041553e+14,  -2.57637033e+01,   0.00000000e+00,   0.00000000e+00,  1.06076869e-01,   8.02425628e-04,      10.00000000,      10.00000000
-0.420000,   5.72076421e+00,   1.11134275e-04,   1.54769532e+00,  9.01777341e+14,  -2.57637029e+01,   0.00000000e+00,   0.00000000e+00,  1.06077255e-01,   8.02426149e-04,      10.00000000,      10.00000000
-0.400000,   5.75112352e+00,   1.12524251e-04,   1.53952527e+00,  8.50915013e+14,  -2.57637025e+01,   0.00000000e+00,   0.00000000e+00,  1.06077654e-01,   8.02426671e-04,      10.00000000,      10.00000000
-0.380000,   5.78384118e+00,   1.14042560e-04,   1.53081658e+00,  8.02425187e+14,  -2.57637020e+01,   0.00000000e+00,   0.00000000e+00,  1.06078070e-01,   8.02427195e-04,      10.00000000,      10.00000000
-0.360000,   5.81916375e+00,   1.15707634e-04,   1.52152446e+00,  7.56273574e+14,  -2.57637016e+01,   0.00000000e+00,   0.00000000e+00,  1.06078502e-01,   8.02427720e-04,      10.00000000,      10.00000000
-0.340000,   5.85736850e+00,   1.17536348e-04,   1.51160030e+00,  7.12426970e+14,  -2.57637012e+01,   0.00000000e+00,   0.00000000e+00,  1.06078953e-01,   8.02428248e-04,      10.00000000,      10.00000000
-0.320000,   5.89876878e+00,   1.19549208e-04,   1.50099119e+00,  6.70839032e+14,  -2.57637007e+01,   0.00000000e+00,   0.00000000e+00,  1.06079425e-01,   8.02428778e-04,      10.00000000,      10.00000000
-0.300000,   5.94371989e+00,   1.21772924e-04,   1.48963951e+00,  6.31463834e+14,  -2.57637002e+01,   0.00000000e+00,   0.00000000e+00,  1.06079919e-01,   8.02429311e-04,      10.00000000,      10.00000000
-0.280000,   5.99262514e+00,   1.24238437e-04,   1.47748270e+00,  5.94259863e+14,  -2.57636997e+01,   0.00000000e+00,   0.00000000e+00,  1.06080440e-01,   8.02429847e-04,      10.00000000,      10.00000000
-0.260000,   6.04594306e+00,   1.26977929e-04,   1.46445309e+00,  5.59177040e+14,  -2.57636991e+01,   0.00000000e+00,   0.00000000e+00,  1.06080989e-01,   8.02430387e-04,      10.00000000,      10.00000000
-0.240000,   6.10419805e+00,   1.30034677e-04,   1.45047719e+00,  5.26162219e+14,  -2.57636985e+01,   0.00000000e+00,   0.00000000e+00,  1.06081571e-01,   8.02430930e-04,      10.00000000,      10.00000000
-0.220000,   6.16799038e+00,   1.33456670e-04,   1.43547565e+00,  4.95163486e+14,  -2.57636979e+01,   0.00000000e+00,   0.00000000e+00,  1.06082189e-01,   8.02431477e-04,      10.00000000,      10.00000000
-0.200000,   6.23801030e+00,   1.37301474e-04,   1.41936284e+00,  4.66124209e+14,  -2.57636973e+01,   0.00000000e+00,   0.00000000e+00,  1.06082849e-01,   8.02432029e-04,      10.00000000,      10.00000000
-0.180000,   6.31505472e+00,   1.41636839e-04,   1.40204644e+00,  4.38984941e+14,  -2.57636966e+01,   0.00000000e+00,   0.00000000e+00,  1.06083555e-01,   8.02432586e-04,      10.00000000,      10.00000000
-0.160000,   6.40004821e+00,   1.46546224e-04,   1.38342708e+00,  4.13684886e+14,  -2.57636958e+01,   0.00000000e+00,   0.00000000e+00,  1.06084316e-01,   8.02433150e-04,      10.00000000,      10.00000000
-0.140000,   6.49406867e+00,   1.52129206e-04,   1.36339796e+00,  3.90162015e+14,  -2.57636950e+01,   0.00000000e+00,   0.00000000e+00,  1.06085139e-01,   8.02433720e-04,      10.00000000,      10.00000000
-0.120000,   6.59838045e+00,   1.58507527e-04,   1.34184442e+00,  3.68352593e+14,  -2.57636941e+01,   0.00000000e+00,   0.00000000e+00,  1.06086033e-01,   8.02434297e-04,      10.00000000,      10.00000000
-0.100000,   6.71447665e+00,   1.65831757e-04,   1.31864335e+00,  3.48192751e+14,  -2.57636931e+01,   0.00000000e+00,   0.00000000e+00,  1.06087012e-01,   8.02434883e-04,      10.00000000,      10.00000000
-0.080000,   6.84413378e+00,   1.74289295e-04,   1.29366261e+00,  3.29621564e+14,  -2.57636920e+01,   0.00000000e+00,   0.00000000e+00,  1.06088090e-01,   8.02435478e-04,      10.00000000,      10.00000000
-0.060000,   6.98948165e+00,   1.84105022e-04,   1.26676060e+00,  3.12578120e+14,  -2.57636908e+01,   0.00000000e+00,   0.00000000e+00,  1.06089285e-01,   8.02436084e-04,      10.00000000,      10.00000000
-0.040000,   7.15310132e+00,   1.95578593e-04,   1.23778479e+00,  2.97008328e+14,  -2.57636895e+01,   0.00000000e+00,   0.00000000e+00,  1.06090621e-01,   8.02436706e-04,      10.00000000,      10.00000000
-0.020000,   7.33814612e+00,   2.09079373e-04,   1.20657178e+00,  2.82919960e+14,  -2.57636880e+01,   0.00000000e+00,   0.00000000e+00,  1.06092128e-01,   8.02437651e-04,      10.00000000,      10.00000000
0.000000,   7.54843542e+00,   2.25121555e-04,   1.17295830e+00,  2.70173328e+14,  -2.57636862e+01,   0.00000000e+00,   0.00000000e+00,  1.06093841e-01,   8.02465078e-04,      10.00000000,      10.00000000
0.020000,   7.78898727e+00,   2.44296456e-04,   1.13673315e+00,  2.58778996e+14,  -2.57636843e+01,   0.00000000e+00,   0.00000000e+00,  1.06095813e-01,   8.02465836e-04,      10.00000000,      10.00000000
0.040000,   8.06586624e+00,   2.67472212e-04,   1.09771223e+00,  2.48863388e+14,  -2.57636820e+01,   0.00000000e+00,   0.00000000e+00,  1.06098110e-01,   8.02466523e-04,      10.00000000,      10.00000000
0.060000,   8.38687838e+00,   2.95787294e-04,   1.05569672e+00,  2.40474397e+14,  -2.57636793e+01,   0.00000000e+00,   0.00000000e+00,  1.06100819e-01,   8.02467234e-04,      10.00000000,      10.00000000
0.080000,   8.76201070e+00,   3.30803960e-04,   1.01049865e+00,  2.33796993e+14,  -2.57636760e+01,   0.00000000e+00,   0.00000000e+00,  1.06104061e-01,   8.02467973e-04,      10.00000000,      10.00000000
0.100000,   9.20406219e+00,   3.74657587e-04,   9.61966555e-01,  2.29143004e+14,  -2.57636721e+01,   0.00000000e+00,   0.00000000e+00,  1.06108002e-01,   8.02468746e-04,      10.00000000,      10.00000000
0.120000,   9.72937314e+00,   4.30319738e-04,   9.10027797e-01,  2.27003024e+14,  -2.57636672e+01,   0.00000000e+00,   0.00000000e+00,  1.06112872e-01,   8.02469559e-04,      10.00000000,      10.00000000
0.140000,   1.03585409e+01,   5.01908989e-04,   8.54753587e-01,  2.28116249e+14,  -2.57636611e+01,   0.00000000e+00,   0.00000000e+00,  1.06118991e-01,   8.02470421e-04,      10.00000000,      10.00000000
0.160000,   1.11168962e+01,   5.95092548e-04,   7.96445324e-01,  2.33562385e+14,  -2.57636533e+01,   0.00000000e+00,   0.00000000e+00,  1.06126802e-01,   8.02471342e-04,      10.00000000,      10.00000000
0.180000,   1.20343151e+01,   7.17559411e-04,   7.35729447e-01,  2.44891748e+14,  -2.57636432e+01,   0.00000000e+00,   0.00000000e+00,  1.06136918e-01,   8.02472334e-04,      10.00000000,      10.00000000
0.200000,   1.31437181e+01,   8.79427436e-04,   6.73629785e-01,  2.64313581e+14,  -2.57636299e+01,   0.00000000e+00,   0.00000000e+00,  1.06150168e-01,   8.02473413e-04,      10.00000000,      10.00000000
0.220000,   1.44775193e+01,   1.09332079e-03,   6.11568863e-01,  2.94962981e+14,  -2.57636124e+01,   0.00000000e+00,   0.00000000e+00,  1.06167646e-01,   8.02474598e-04,      10.00000000,      10.00000000
0.240000,   1.60616445e+01,   1.37389596e-03,   5.51251150e-01,  3.41262672e+14,  -2.57635893e+01,   0.00000000e+00,   0.00000000e+00,  1.06190741e-01,   8.02475910e-04,      10.00000000,      10.00000000
0.260000,   1.79077355e+01,   1.73622414e-03,   4.94423205e-01,  4.09360290e+14,  -2.57635589e+01,   0.00000000e+00,   0.00000000e+00,  1.06221131e-01,   8.02477372e-04,      10.00000000,      10.00000000
0.280000,   2.00058598e+01,   2.19308492e-03,   4.42570331e-01,  5.07549543e+14,  -2.57635194e+01,   0.00000000e+00,   0.00000000e+00,  1.06260714e-01,   8.02479009e-04,      10.00000000,      10.00000000
0.300000,   2.23213104e+01,   2.75181573e-03,   3.96661299e-01,  6.46493470e+14,  -2.57634686e+01,   0.00000000e+00,   0.00000000e+00,  1.06311475e-01,   8.02480841e-04,      10.00000000,      10.00000000
0.320000,   2.47984078e+01,   3.41183463e-03,   3.57039052e-01,  8.38952348e+14,  -2.57634048e+01,   0.00000000e+00,   0.00000000e+00,  1.06375294e-01,   8.02482885e-04,      10.00000000,      10.00000000
0.340000,   2.73712777e+01,   4.16466172e-03,   3.23477775e-01,  1.09864885e+15,  -2.57633263e+01,   0.00000000e+00,   0.00000000e+00,  1.06453746e-01,   8.02485152e-04,      10.00000000,      10.00000000
0.360000,   2.99778860e+01,   4.99661739e-03,   2.95351047e-01,  1.43794457e+15,  -2.57632321e+01,   0.00000000e+00,   0.00000000e+00,  1.06547928e-01,   8.02487646e-04,      10.00000000,      10.00000000
0.380000,   3.25723224e+01,   5.89355548e-03,   2.71825874e-01,  1.86422218e+15,  -2.57631217e+01,   0.00000000e+00,   0.00000000e+00,  1.06658356e-01,   8.02490363e-04,      10.00000000,      10.00000000
0.400000,   3.51319560e+01,   6.84580303e-03,   2.52021265e-01,  2.37550359e+15,  -2.57629951e+01,   0.00000000e+00,   0.00000000e+00,  1.06784926e-01,   8.02493298e-04,      10.00000000,      10.00000000
0.420000,   3.76590324e+01,   7.85183008e-03,   2.35109599e-01,  2.95692331e+15,  -2.57628531e+01,   0.00000000e+00,   0.00000000e+00,  1.06926934e-01,   8.02496441e-04,      10.00000000,      10.00000000
0.440000,   4.01783669e+01,   8.92078668e-03,   2.20367344e-01,  3.58098467e+15,  -2.57626969e+01,   0.00000000e+00,   0.00000000e+00,  1.07083115e-01,   8.02499782e-04,      10.00000000,      10.00000000
0.460000,   4.27328568e+01,   1.00727593e-02,   2.07194198e-01,  4.21419335e+15,  -2.57625283e+01,   0.00000000e+00,   0.00000000e+00,  1.07251708e-01,   8.02503315e-04,      10.00000000,      10.00000000
0.480000,   4.53783416e+01,   1.13392372e-02,   1.95115108e-01,  4.82924195e+15,  -2.57623495e+01,   0.00000000e+00,   0.00000000e+00,  1.07430524e-01,   8.02507035e-04,      10.00000000,      10.00000000
0.500000,   4.81780800e+01,   1.27623259e-02,   1.83776522e-01,  5.41728213e+15,  -2.57621630e+01,   0.00000000e+00,   0.00000000e+00,  1.07617043e-01,   8.02510941e-04,      10.00000000,      10.00000000
0.520000,   5.11970587e+01,   1.43929226e-02,   1.72939622e-01,  5.99289821e+15,  -2.57619715e+01,   0.00000000e+00,   0.00000000e+00,  1.07808540e-01,   8.02515037e-04,      10.00000000,      10.00000000
0.540000,   5.44967776e+01,   1.62902160e-02,   1.62468322e-01,  6.59017321e+15,  -2.57617777e+01,   0.00000000e+00,   0.00000000e+00,  1.08002277e-01,   8.02519332e-04,      10.00000000,      10.00000000
0.560000,   5.81307086e+01,   1.85190999e-02,   1.52311923e-01,  7.25414541e+15,  -2.57615843e+01,   0.00000000e+00,   0.00000000e+00,  1.08195725e-01,   8.02523837e-04,      10.00000000,      10.00000000
0.580000,   6.21415858e+01,   2.11494974e-02,   1.42481076e-01,  8.03328629e+15,  -2.57613932e+01,   0.00000000e+00,   0.00000000e+00,  1.08386836e-01,   8.02528569e-04,      10.00000000,      10.00000000
0.600000,   6.65601767e+01,   2.42540485e-02,   1.33022483e-01,  8.97624202e+15,  -2.57612057e+01,   0.00000000e+00,   0.00000000e+00,  1.08574344e-01,   8.02533547e-04,      10.00000000,      10.00000000
0.620000,   7.14053014e+01,   2.79083094e-02,   1.23996396e-01,  1.01329648e+16,  -2.57610219e+01,   0.00000000e+00,   0.00000000e+00,  1.08758087e-01,   8.02538794e-04,      10.00000000,      10.00000000
0.640000,   7.66830851e+01,   3.21874875e-02,   1.15462230e-01,  1.15595356e+16,  -2.57608406e+01,   0.00000000e+00,   0.00000000e+00,  1.08939432e-01,   8.02544335e-04,      10.00000000,      10.00000000
0.660000,   8.23845417e+01,   3.71595313e-02,   1.07471618e-01,  1.33235350e+16,  -2.57606581e+01,   0.00000000e+00,   0.00000000e+00,  1.09121927e-01,   8.02550199e-04,      10.00000000,      10.00000000
0.680000,   8.84825804e+01,   4.28811533e-02,   1.00064894e-01,  1.55095332e+16,  -2.57604675e+01,   0.00000000e+00,   0.00000000e+00,  1.09312469e-01,   8.02556416e-04,      10.00000000,      10.00000000
0.700000,   9.49284515e+01,   4.93815520e-02,   9.32702457e-02,  1.82211280e+16,  -2.57602565e+01,   0.00000000e+00,   0.00000000e+00,  1.09523509e-01,   8.02563028e-04,      10.00000000,      10.00000000
0.720000,   1.01653212e+02,   5.66592906e-02,   8.71000519e-02,  2.15753989e+16,  -2.57600027e+01,   0.00000000e+00,   0.00000000e+00,  1.09777233e-01,   8.02570083e-04,      10.00000000,      10.00000000
0.740000,   1.08574499e+02,   6.46745226e-02,   8.15476939e-02,  2.56849417e+16,  -2.57596665e+01,   0.00000000e+00,   0.00000000e+00,  1.10113504e-01,   8.02577660e-04,      10.00000000,      10.00000000
0.760000,   1.15612761e+02,   7.33642037e-02,   7.65832413e-02,  3.06129396e+16,  -2.57591751e+01,   0.00000000e+00,   0.00000000e+00,  1.10604879e-01,   8.02585887e-04,      10.00000000,      10.00000000
0.780000,   1.22715517e+02,   8.26701850e-02,   7.21506151e-02,  3.62840533e+16,  -2.57583948e+01,   0.00000000e+00,   0.00000000e+00,  1.11385107e-01,   8.02594993e-04,      10.00000000,      10.00000000
0.800000,   1.29891355e+02,   9.26069822e-02,   6.81646597e-02,  3.62840533e+16,  -2.57570766e+01,   0.00000000e+00,   0.00000000e+00,  1.12703350e-01,   8.02605410e-04,      10.00000000,      10.00000000
